rank,title,slug,subscribers,url,category,rpm,score
1,"Финансовые мошенничества",finansovye-moshennichestva,343000,https://dzen.ru/topic/finansovye-moshennichestva,Финансы,5,172
2,"Недвижимость в Сочи",nedvizhimost-v-sochi,131551,https://dzen.ru/topic/nedvizhimost-v-sochi,Недвижимость,5,172
3,"Кредиты",kredity,124214,https://dzen.ru/topic/kredity,Финансы,5,172
4,"Инновации в автопроме",innovatsii-v-avtoprome,116102,https://dzen.ru/topic/innovatsii-v-avtoprome,Авто,5,172
5,"Безопасность и правопорядок",bezopasnost-i-pravoporiadok,95179,https://dzen.ru/topic/bezopasnost-i-pravoporiadok,Право,5,170
6,"Рынок недвижимости Москвы",rynok-nedvizhimosti-moskvy,92890,https://dzen.ru/topic/rynok-nedvizhimosti-moskvy,Недвижимость,5,170
7,"Юридические аспекты недвижимости",yuridicheskie-aspekty-nedvizhimosti,90503,https://dzen.ru/topic/yuridicheskie-aspekty-nedvizhimosti,Недвижимость,5,170
8,"Инвестиции в криптовалюту",kriptovalyuta,70656,https://dzen.ru/topic/kriptovalyuta,Финансы,5,170
9,"Технологии в банкинге",tekhnologii-v-bankinge,66048,https://dzen.ru/topic/tekhnologii-v-bankinge,Финансы,5,170
10,"Технологии в финансах",tekhnologii-v-finansah,65024,https://dzen.ru/topic/tekhnologii-v-finansah,Финансы,5,170
11,"Авторемонт и обслуживание",avtoremont-i-obslujivanie,41139,https://dzen.ru/topic/avtoremont-i-obslujivanie,Авто,5,170
12,"Российские автомобили",rossiyskie-avtomobili,30720,https://dzen.ru/topic/rossiyskie-avtomobili,Авто,5,170
13,"Всё об автомобилях",avtomobili,4840000,https://dzen.ru/topic/avtomobili,Авто,5,156
14,"Бизнес и финансы",biznes-i-finansy,1133797,https://dzen.ru/topic/biznes-i-finansy,Финансы,5,156
15,"Школы",shkolnoe-obrazovanie,301483,https://dzen.ru/topic/shkolnoe-obrazovanie,Образование,4,154
16,"Карьера и трудоустройство",karera-i-trudoustrojstvo,266546,https://dzen.ru/topic/karera-i-trudoustrojstvo,Карьера,4,154
17,"Кето-диета",dieta-keto,233472,https://dzen.ru/topic/dieta-keto,Здоровье,4,154
18,"Здоровье спины и шеи",zdorovje-spiny-i-shei,195335,https://dzen.ru/topic/zdorovje-spiny-i-shei,Здоровье,4,154
19,"Болезни сердца и сосудов (Кардиология)",kardiologija,191352,https://dzen.ru/topic/kardiologija,Здоровье,4,154
20,"Образование",obrazovanie,190213,https://dzen.ru/topic/obrazovanie,Образование,4,154
21,"Воспитание детей",vospitanie-detey,183624,https://dzen.ru/topic/vospitanie-detey,Здоровье,4,154
22,"Ремонт ванной комнаты",remont-vannoj-komnaty,182434,https://dzen.ru/topic/remont-vannoj-komnaty,Ремонт и дом,4,154
23,"Здоровье мозга",zdorovje-mozga,132384,https://dzen.ru/topic/zdorovje-mozga,Здоровье,4,154
24,"Маркетинг и продажи",marketing-i-prodazhi,129087,https://dzen.ru/topic/marketing-i-prodazhi,Карьера,4,154
25,"День здоровья",den-zdorovya,125678,https://dzen.ru/topic/den-zdorovya,Здоровье,4,154
26,"Противопожарные и спасательные работы",pozharnaja-bezopasnost,113050,https://dzen.ru/topic/pozharnaja-bezopasnost,Карьера,4,154
27,"Японские автомобили",yaponskie-avtomobili,29184,https://dzen.ru/topic/yaponskie-avtomobili,Авто,5,154
28,"Ремонт и отделка квартиры и дома",remont-i-otdelka-kvartiry-i-doma,24297,https://dzen.ru/topic/remont-i-otdelka-kvartiry-i-doma,Недвижимость,5,154
29,"Обслуживание и ремонт автомобилей",remont-i-obsluzhivanie-avto,21938,https://dzen.ru/topic/remont-i-obsluzhivanie-avto,Авто,5,154
30,"Изменения в законодательстве",izmeneniya-v-zakonodatelstve,19424,https://dzen.ru/topic/izmeneniya-v-zakonodatelstve,Право,5,154
31,"Экономные рецепты",ehkonomnye-recepty,18600,https://dzen.ru/topic/ehkonomnye-recepty,Финансы,5,154
32,"Европейские автомобили",evropeyskie-avtomobili,18432,https://dzen.ru/topic/evropeyskie-avtomobili,Авто,5,154
33,"Инвестиции",investitsii,16513,https://dzen.ru/topic/investitsii,Финансы,5,154
34,"Инвестиционный фонд недвижимости REIT",investicionnyj-fond-nedvizhimosti-reit,15000,https://dzen.ru/topic/investicionnyj-fond-nedvizhimosti-reit,Финансы,5,154
35,"Депозиты",depozity,14567,https://dzen.ru/topic/depozity,Финансы,5,154
36,"Автокредиты",avtokredity,14567,https://dzen.ru/topic/avtokredity,Финансы,5,154
37,"Страхование от несчастных случаев",strakhovanie-ot-neschastnykh-sluchaev,14567,https://dzen.ru/topic/strakhovanie-ot-neschastnykh-sluchaev,Финансы,5,154
38,"Инвестиционные фонды",investicionnye-fondy,11234,https://dzen.ru/topic/investicionnye-fondy,Финансы,5,154
39,"Криптовалютные биржи",kriptovalyutnye-birzhi,11234,https://dzen.ru/topic/kriptovalyutnye-birzhi,Финансы,5,154
40,"Европейский банк реконструкции и развития (ЕБРР)",evropejskij-bank-rekonstrukcii-i-razvitiya,11234,https://dzen.ru/topic/evropejskij-bank-rekonstrukcii-i-razvitiya,Финансы,5,154
41,"Кредиты для бизнеса",kredity-dlya-biznesa,11234,https://dzen.ru/topic/kredity-dlya-biznesa,Финансы,5,154
42,"Премиальные банковские карты",premialnye-bankovskie-karty,11234,https://dzen.ru/topic/premialnye-bankovskie-karty,Финансы,5,154
43,"Правильное питание",pravilnoe-pitanie,87552,https://dzen.ru/topic/pravilnoe-pitanie,Здоровье,4,152
44,"Курск",kursk,59904,https://dzen.ru/topic/kursk,Образование,4,152
45,"Технологии в медицине",tekhnologii-v-medicine,56832,https://dzen.ru/topic/tekhnologii-v-medicine,Здоровье,4,152
46,"Работа с металлом",metalloobrabotka,55818,https://dzen.ru/topic/metalloobrabotka,Карьера,4,152
47,"Ремонт устройств",remont-ustroistv,50008,https://dzen.ru/topic/remont-ustroistv,Ремонт и дом,4,152
48,"Экономика",economy,10015013,https://dzen.ru/topic/economy,Финансы,5,148
49,"Авто",auto,5658485,https://dzen.ru/topic/auto,Авто,5,148
50,"Автомобили марки Aston Martin",aston-martin,9876,https://dzen.ru/topic/aston-martin,Авто,5,144
51,"Автомобили марки Opel",opel,9368,https://dzen.ru/topic/opel,Авто,5,144
52,"Кредиты наличными",kredity-nalichnymi,9321,https://dzen.ru/topic/kredity-nalichnymi,Финансы,5,144
53,"Страхование путешествий",strakhovanie-puteshestvij,9321,https://dzen.ru/topic/strakhovanie-puteshestvij,Финансы,5,144
54,"Инвестиции в драгоценные металлы",investicii-v-dragocennye-metally,8765,https://dzen.ru/topic/investicii-v-dragocennye-metally,Финансы,5,144
55,"Кредитные карты",kreditnye-karty,8765,https://dzen.ru/topic/kreditnye-karty,Финансы,5,144
56,"Автомобили марки Renault",renault,8742,https://dzen.ru/topic/renault,Авто,5,144
57,"Автомобили марки Chrysler",chrysler,8465,https://dzen.ru/topic/chrysler,Авто,5,144
58,"Защита финансов от мошенников",zashchita-finansov-ot-moshennikov,8455,https://dzen.ru/topic/zashchita-finansov-ot-moshennikov,Финансы,5,144
59,"Страхование",strakhovanie,8392,https://dzen.ru/topic/strakhovanie,Финансы,5,144
60,"Здоровье и медицина",zdorove,3970600,https://dzen.ru/topic/zdorove,Здоровье,4,138
61,"Медицина",zdrave-i-meditsina,1973664,https://dzen.ru/topic/zdrave-i-meditsina,Здоровье,4,138
62,"Дизайн интерьера и ремонт",dizajn-interera-i-remont,1336755,https://dzen.ru/topic/dizajn-interera-i-remont,Ремонт и дом,4,138
63,"Психология отношений и семьи",otnosheniya-i-psihologiya,620137,https://dzen.ru/topic/otnosheniya-i-psihologiya,Психология,3,136
64,"Мужская мода",mugskaja-moda,619520,https://dzen.ru/topic/mugskaja-moda,Красота,3,136
65,"Путешествия по России",rossiya,382464,https://dzen.ru/topic/rossiya,Путешествия,3,136
66,"День матери",spasibo-mamy,349568,https://dzen.ru/topic/spasibo-mamy,Семья,3,136
67,"Plus Size Стиль",plus-saiz-stil,254464,https://dzen.ru/topic/plus-saiz-stil,Красота,3,136
68,"Развитие детей",vospitanie-i-razvitie-detej,250586,https://dzen.ru/topic/vospitanie-i-razvitie-detej,Семья,3,136
69,"Обзоры модных показов",obzory-modnyh-pokazov,184832,https://dzen.ru/topic/obzory-modnyh-pokazov,Красота,3,136
70,"Как создать модный образ",kak-sozdat-modnyj-obraz,172544,https://dzen.ru/topic/kak-sozdat-modnyj-obraz,Красота,3,136
71,"Технологии будущего",tekhnologii-budushchego,157184,https://dzen.ru/topic/tekhnologii-budushchego,Технологии,3,136
72,"Мировая мода",mirovaya-moda,147490,https://dzen.ru/topic/mirovaya-moda,Красота,3,136
73,"Детские сады",detskie-sady,138677,https://dzen.ru/topic/detskie-sady,Семья,3,136
74,"Обзоры модных коллекций и дизайнеров",obzory-modnyh-kollekcij-i-dizajnerov,105472,https://dzen.ru/topic/obzory-modnyh-kollekcij-i-dizajnerov,Красота,3,136
75,"Психология рекламы и продаж",psikhologiya-reklamy-i-prodazh,12453,https://dzen.ru/topic/psikhologiya-reklamy-i-prodazh,Карьера,4,136
76,"Производственные технологии",proizvodstvennye-texnologii,99008,https://dzen.ru/topic/proizvodstvennye-texnologii,Технологии,3,134
77,"Новинки в мире моды и стиля",novinki-v-mire-mody-i-stila,82944,https://dzen.ru/topic/novinki-v-mire-mody-i-stila,Красота,3,134
78,"Инновационные технологии будущего",innovacionnye-texnologii-budushego,74235,https://dzen.ru/topic/innovacionnye-texnologii-budushego,Технологии,3,134
79,"Британская королевская семья",britanskaya-monarhiya,71043,https://dzen.ru/topic/britanskaya-monarhiya,Семья,3,134
80,"Интересные коллаборации в моде",interesnye-kollaboracii-v-mode,67584,https://dzen.ru/topic/interesnye-kollaboracii-v-mode,Красота,3,134
81,"Путешествия по Европе",puteshestviya-po-evrope,65024,https://dzen.ru/topic/puteshestviya-po-evrope,Путешествия,3,134
82,"Детская мода",det-skaja-moda,59904,https://dzen.ru/topic/det-skaja-moda,Красота,3,134
83,"Дети",deti,51653,https://dzen.ru/topic/deti,Семья,3,134
84,"Блокчейн-технологии (blockchain)",blokchejn-tekhnologii,43008,https://dzen.ru/topic/blokchejn-tekhnologii,Технологии,3,134
85,"Технологии в HR",tekhnologii-v-hr,42496,https://dzen.ru/topic/tekhnologii-v-hr,Технологии,3,134
86,"Путешествия по миру",puteshestviya-po-miru,42013,https://dzen.ru/topic/puteshestviya-po-miru,Путешествия,3,134
87,"Технологии в ритейле",tekhnologii-v-ritejle,37376,https://dzen.ru/topic/tekhnologii-v-ritejle,Технологии,3,134
88,"Технологии в социальной сфере",tekhnologii-v-socialnoj-sfere,36864,https://dzen.ru/topic/tekhnologii-v-socialnoj-sfere,Технологии,3,134
89,"Технологии в связи",tekhnologii-v-svyazi,36864,https://dzen.ru/topic/tekhnologii-v-svyazi,Технологии,3,134
90,"Облачные технологии",razvitie-oblachnyh-tekhnologij,36352,https://dzen.ru/topic/razvitie-oblachnyh-tekhnologij,Технологии,3,134
91,"Технологии в СМИ",tekhnologii-v-smi,35328,https://dzen.ru/topic/tekhnologii-v-smi,Технологии,3,134
92,"Материнский капитал",materinskij-kapital,33628,https://dzen.ru/topic/materinskij-kapital,Семья,3,134
93,"Автомобили SsangYong Korando",ssangyong-korando,7995,https://dzen.ru/topic/ssangyong-korando,Авто,5,128
94,"Продажа недвижимости",prodazha-nedvizhimosti,7974,https://dzen.ru/topic/prodazha-nedvizhimosti,Недвижимость,5,128
95,"Автомобили Mitsubishi Pajero Sport",mitsubishi-pajero-sport,7961,https://dzen.ru/topic/mitsubishi-pajero-sport,Авто,5,128
96,"Квартиры",kvartiry,7954,https://dzen.ru/topic/kvartiry,Недвижимость,5,128
97,"Автомобили марки SAIC Motor",saic-motor,7918,https://dzen.ru/topic/saic-motor,Авто,5,128
98,"Автомобили GAC GS5",gac-gs5,7902,https://dzen.ru/topic/gac-gs5,Авто,5,128
99,"Экономическая аналитика",ehkonomicheskaya-analitika,7836,https://dzen.ru/topic/ehkonomicheskaya-analitika,Финансы,5,128
100,"Автомобили марки Hummer",hummer,7836,https://dzen.ru/topic/hummer,Авто,5,128
101,"Страхование вкладов",strakhovanie-vkladov,7779,https://dzen.ru/topic/strakhovanie-vkladov,Финансы,5,128
102,"Автомобили марки Daihatsu",daihatsu,7714,https://dzen.ru/topic/daihatsu,Авто,5,128
103,"Автомобили марки NIO",nio,7593,https://dzen.ru/topic/nio,Авто,5,128
104,"Швейные машины",shvejnye-mashiny,7593,https://dzen.ru/topic/shvejnye-mashiny,Авто,5,128
105,"Налоговое законодательство",nalogovoe-zakonodatelstvo,7402,https://dzen.ru/topic/nalogovoe-zakonodatelstvo,Финансы,5,128
106,"Автомобили ГАЗ",avtomobili-gaz,7342,https://dzen.ru/topic/avtomobili-gaz,Авто,5,128
107,"Онлайн-банкинг",onlajn-banking,7214,https://dzen.ru/topic/onlajn-banking,Финансы,5,128
108,"Автомобили марки GMC",gmc,7009,https://dzen.ru/topic/gmc,Авто,5,128
109,"Потребительские кредиты",potrebitelskie-kredity,6789,https://dzen.ru/topic/potrebitelskie-kredity,Финансы,5,128
110,"Страхование имущества",strakhovanie-imushchestva,6789,https://dzen.ru/topic/strakhovanie-imushchestva,Финансы,5,128
111,"Автомобили марки Lynk & Co",lynkco,6644,https://dzen.ru/topic/lynkco,Авто,5,128
112,"Микрозаймы",mikrozajmy,6543,https://dzen.ru/topic/mikrozajmy,Финансы,5,128
113,"Аренда недвижимости",arenda-nedvizhimosti,6360,https://dzen.ru/topic/arenda-nedvizhimosti,Недвижимость,5,128
114,"Семейный бюджет",semejnyj-byudzhet,6357,https://dzen.ru/topic/semejnyj-byudzhet,Финансы,5,128
115,"Автомобили марки Smart",smart,6357,https://dzen.ru/topic/smart,Авто,5,128
116,"Автобашни",avtobashni,6139,https://dzen.ru/topic/avtobashni,Авто,5,128
117,"Международный экономический форум (МЭФ)",mezhdunarodnyj-ehkonomicheskij-forum,6057,https://dzen.ru/topic/mezhdunarodnyj-ehkonomicheskij-forum,Финансы,5,128
118,"Страхование КАСКО",strakhovanie-kasko,5926,https://dzen.ru/topic/strakhovanie-kasko,Финансы,5,128
119,"Коммерческая недвижимость",kommercheskaya-nedvizhimost,5844,https://dzen.ru/topic/kommercheskaya-nedvizhimost,Недвижимость,5,128
120,"Рефинансирование кредитов",refinansirovanie-kreditov,5839,https://dzen.ru/topic/refinansirovanie-kreditov,Финансы,5,128
121,"История автомобилестроения",istoriya-avtomobilestroeniya,5835,https://dzen.ru/topic/istoriya-avtomobilestroeniya,Авто,5,128
122,"Автомобили Nissan Silvia",nissan-silvia,5732,https://dzen.ru/topic/nissan-silvia,Авто,5,128
123,"Автомобили марки Maserati",maserati,5652,https://dzen.ru/topic/maserati,Авто,5,128
124,"Автомобили марки Alfa Romeo",alfa-romeo,5219,https://dzen.ru/topic/alfa-romeo,Авто,5,128
125,"Автомобили марки Pontiac",pontiac,5091,https://dzen.ru/topic/pontiac,Авто,5,128
126,"Международный валютный фонд (МВФ)",mvf,5021,https://dzen.ru/topic/mvf,Финансы,5,128
127,"Страхование жизни",strakhovanie-zhizni,5021,https://dzen.ru/topic/strakhovanie-zhizni,Финансы,5,128
128,"Инвестиционные риски",investicionnye-riski,4923,https://dzen.ru/topic/investicionnye-riski,Финансы,5,128
129,"Автомобили марки Сitroen",citroen,4923,https://dzen.ru/topic/citroen,Авто,5,128
130,"Автомобили Range Rover Sport",range-rover-sport,4875,https://dzen.ru/topic/range-rover-sport,Авто,5,128
131,"Налоги и страхование авто",nalogi-i-strakhovanie-avto,4844,https://dzen.ru/topic/nalogi-i-strakhovanie-avto,Финансы,5,128
132,"Автомобили марки Maybach",maybach,4739,https://dzen.ru/topic/maybach,Авто,5,128
133,"Автомобили ГАЗ 31105 «Волга»",gaz-31105-volga,4674,https://dzen.ru/topic/gaz-31105-volga,Авто,5,128
134,"Автомобили MG ZS",mg-zs,4575,https://dzen.ru/topic/mg-zs,Авто,5,128
135,"Покупка недвижимости",pokupka-nedvizhimosti,4360,https://dzen.ru/topic/pokupka-nedvizhimosti,Недвижимость,5,128
136,"Автомобили Geely Okavango",geely-okavango,4335,https://dzen.ru/topic/geely-okavango,Авто,5,128
137,"Автомобили марки Lincoln",lincoln,4125,https://dzen.ru/topic/lincoln,Авто,5,128
138,"Автомобили марки Lifan",lifan,4057,https://dzen.ru/topic/lifan,Авто,5,128
139,"Автомобили марки Wuling",wuling,3910,https://dzen.ru/topic/wuling,Авто,5,128
140,"Инвестиции в недвижимость",investicii-v-nedvizhimost,3892,https://dzen.ru/topic/investicii-v-nedvizhimost,Финансы,5,128
141,"Автомобили Chery Tiggo 9",chery-tiggo-9,3876,https://dzen.ru/topic/chery-tiggo-9,Авто,5,128
142,"Автомобили Range Rover Sport SVR",range-rover-sport-svr,3768,https://dzen.ru/topic/range-rover-sport-svr,Авто,5,128
143,"Финтех (финансовые технологии)",fintekh,3595,https://dzen.ru/topic/fintekh,Финансы,5,128
144,"Недвижимость",nedvizhimost,3500,https://dzen.ru/topic/nedvizhimost,Недвижимость,5,128
145,"Автомобили марки Zotye",zotye,3415,https://dzen.ru/topic/zotye,Авто,5,128
146,"Чешские автомобили",cheshskie-avtomobili,3412,https://dzen.ru/topic/cheshskie-avtomobili,Авто,5,128
147,"Автомобили марки Fiat",fiat,3391,https://dzen.ru/topic/fiat,Авто,5,128
148,"Автомобили Toyota C-HR",toyota-c-hr,3185,https://dzen.ru/topic/toyota-c-hr,Авто,5,128
149,"Автомобили Ford Bronco Sport",ford-bronco-sport,3098,https://dzen.ru/topic/ford-bronco-sport,Авто,5,128
150,"Автомобили марки Lamborghini",lamborghini,3041,https://dzen.ru/topic/lamborghini,Авто,5,128
151,"Автомобили марки Peugeot",peugeot,2959,https://dzen.ru/topic/peugeot,Авто,5,128
152,"Путешествия на автомобиле",puteshestviya_na_avtomobile,2800,https://dzen.ru/topic/puteshestviya_na_avtomobile,Авто,5,128
153,"Инвестиции в фондовый рынок",investicii-v-fondovyj-rynok,2647,https://dzen.ru/topic/investicii-v-fondovyj-rynok,Финансы,5,128
154,"Строительство недвижимости",stroitelstvo-nedvizhimosti,2468,https://dzen.ru/topic/stroitelstvo-nedvizhimosti,Недвижимость,5,128
155,"Автомобили марки Lancia",lancia,2426,https://dzen.ru/topic/lancia,Авто,5,128
156,"Инвестиции для начинающих",investicii-dlya-nachinayushchih,2233,https://dzen.ru/topic/investicii-dlya-nachinayushchih,Финансы,5,128
157,"Автомобили марки Ferrari",ferrari,2175,https://dzen.ru/topic/ferrari,Авто,5,128
158,"Автомобили марки Ram",ram,2085,https://dzen.ru/topic/ram,Авто,5,128
159,"Банковские карты",bankovskie-karty,2048,https://dzen.ru/topic/bankovskie-karty,Финансы,5,128
160,"Автомобили марки Pagani",pagani,2048,https://dzen.ru/topic/pagani,Авто,5,128
161,"Инвестиционные стратегии",investicionnye-strategii,1946,https://dzen.ru/topic/investicionnye-strategii,Финансы,5,128
162,"Ставка ЦБ (Центрального Банка)",stavka-cb,1943,https://dzen.ru/topic/stavka-cb,Финансы,5,128
163,"Путешествия на машине по России",puteshestviya-na-mashine-po-rossii,1225,https://dzen.ru/topic/puteshestviya-na-mashine-po-rossii,Авто,5,128
164,"Психология карьеры",psikhologiya-karery,9368,https://dzen.ru/topic/psikhologiya-karery,Карьера,4,126
165,"Ремонт кондиционера",remont-kondicionera,8739,https://dzen.ru/topic/remont-kondicionera,Ремонт и дом,4,126
166,"Народная медицина",narodnaya-medicina,8617,https://dzen.ru/topic/narodnaya-medicina,Здоровье,4,126
167,"Ремонт и отделка спальни",remont-i-otdelka-spalni,8455,https://dzen.ru/topic/remont-i-otdelka-spalni,Ремонт и дом,4,126
168,"Ремонт турбины",remont-turbiny,8392,https://dzen.ru/topic/remont-turbiny,Ремонт и дом,4,126
169,"Курсы маркетинга",kursy-marketinga,8205,https://dzen.ru/topic/kursy-marketinga,Карьера,4,126
170,"Семья",semya,4287165,https://dzen.ru/topic/semya,Семья,3,120
171,"Психология",psy,4012119,https://dzen.ru/topic/psy,Психология,3,120
172,"Стиль и мода",stil-i-moda,3470000,https://dzen.ru/topic/stil-i-moda,Красота,3,120
173,"Косметика",kosmetika,1880576,https://dzen.ru/topic/kosmetika,Красота,3,120
174,"Животные",zhivotnye,989464,https://dzen.ru/topic/zhivotnye,Животные,2,118
175,"Ужины",uzhiny,584192,https://dzen.ru/topic/uzhiny,Еда,2,118
176,"Абхазия",abkhaziya,549888,https://dzen.ru/topic/abkhaziya,Другое,2,118
177,"Творчество",tvorchestvo,527695,https://dzen.ru/topic/tvorchestvo,Другое,2,118
178,"Рецепты",retsepty,526848,https://dzen.ru/topic/retsepty,Еда,2,118
179,"Дрессировщики",dressirovshchiki,492084,https://dzen.ru/topic/dressirovshchiki,Животные,2,118
180,"Тренды в одежде и аксессуарах",trendy-v-odegde-i-aksessuarah,430080,https://dzen.ru/topic/trendy-v-odegde-i-aksessuarah,Другое,2,118
181,"Тренды летнего сезона",trendy-letnego-sezona,398336,https://dzen.ru/topic/trendy-letnego-sezona,Другое,2,118
182,"Каша",kashi,389120,https://dzen.ru/topic/kashi,Еда,2,118
183,"Истории из жизни",istorii-iz-zhizni,343763,https://dzen.ru/topic/istorii-iz-zhizni,История,2,118
184,"Тренды зимнего сезона",trendy-zimnego-sezona,320512,https://dzen.ru/topic/trendy-zimnego-sezona,Другое,2,118
185,"Корги",korgi,306688,https://dzen.ru/topic/korgi,Другое,2,118
186,"Узбекистан",uzbekistan,302592,https://dzen.ru/topic/uzbekistan,Другое,2,118
187,"Праздник Весны и Труда",prazdnik-vesny-i-truda,257812,https://dzen.ru/topic/prazdnik-vesny-i-truda,Другое,2,118
188,"Постные и легкие рецепты",postnye-blyuda,257024,https://dzen.ru/topic/postnye-blyuda,Еда,2,118
189,"Шоппинг",shopping,252329,https://dzen.ru/topic/shopping,Другое,2,118
190,"Кролик",krolik,226816,https://dzen.ru/topic/krolik,Другое,2,118
191,"Умный дом",umnye-domashnie-ustrojstva,223744,https://dzen.ru/topic/umnye-domashnie-ustrojstva,Другое,2,118
192,"Мой Сочи",novosti-sochi,220577,https://dzen.ru/topic/novosti-sochi,Другое,2,118
193,"Камеры и фототехника",kamery-i-fototekhnika,193536,https://dzen.ru/topic/kamery-i-fototekhnika,Другое,2,118
194,"Армянская кухня",armyanskaya-kuhnya,184832,https://dzen.ru/topic/armyanskaya-kuhnya,Другое,2,118
195,"Дизайн и обустройство кухни",dizajn-i-obustrojstvo-kuhni,182553,https://dzen.ru/topic/dizajn-i-obustrojstvo-kuhni,Другое,2,118
196,"Загадки истории",zagadki-istorii,180166,https://dzen.ru/topic/zagadki-istorii,История,2,118
197,"Печи",pechi,176106,https://dzen.ru/topic/pechi,Другое,2,118
198,"Тула",tula,171520,https://dzen.ru/topic/tula,Другое,2,118
199,"Обучение английскому языку",obuchenie-anglijskomu-jazyku,164745,https://dzen.ru/topic/obuchenie-anglijskomu-jazyku,Другое,2,118
200,"Skoda Octavia",skoda-octavia,160256,https://dzen.ru/topic/skoda-octavia,Другое,2,118
201,"AR и VR",ar-i-vr,156160,https://dzen.ru/topic/ar-i-vr,Другое,2,118
202,"Экзотические домашние животные",ekzoticheskie-domashnie-zhivotnye,155648,https://dzen.ru/topic/ekzoticheskie-domashnie-zhivotnye,Животные,2,118
203,"Ножи",nozhi,142114,https://dzen.ru/topic/nozhi,Другое,2,118
204,"Барокко",barokko,139317,https://dzen.ru/topic/barokko,Другое,2,118
205,"Мирный Атом: 
80 лет",mirnyj-atom-80-let,137812,https://dzen.ru/topic/mirnyj-atom-80-let,Другое,2,118
206,"Мотоциклы",motocikly,136024,https://dzen.ru/topic/motocikly,Другое,2,118
207,"Майонез",majonez,132100,https://dzen.ru/topic/majonez,Другое,2,118
208,"Выращивание рассады",vyrashhivanie-rassady,127300,https://dzen.ru/topic/vyrashhivanie-rassady,Дача,2,118
209,"Каско и ОСАГО",strahovanie-i-osago,124254,https://dzen.ru/topic/strahovanie-i-osago,Другое,2,118
210,"Утилизация отходов",utitlizaciya-othodov,119952,https://dzen.ru/topic/utitlizaciya-othodov,Другое,2,118
211,"Низкокалорийные блюда",nizkokaloriynaya-eda,117760,https://dzen.ru/topic/nizkokaloriynaya-eda,Другое,2,118
212,"Рецепты пасты",retsepty-pasty,116224,https://dzen.ru/topic/retsepty-pasty,Еда,2,118
213,"Ницца",nicca,114176,https://dzen.ru/topic/nicca,Другое,2,118
214,"Хлеб без глютена",khleb-bez-glyutena,112700,https://dzen.ru/topic/khleb-bez-glyutena,Другое,2,118
215,"Уход за одеждой",uhod-za-odezhdoj,112665,https://dzen.ru/topic/uhod-za-odezhdoj,Другое,2,118
216,"Кето хлеб",keto-khleb,112500,https://dzen.ru/topic/keto-khleb,Другое,2,118
217,"Блюда на пару",blyuda-na-paru,110592,https://dzen.ru/topic/blyuda-na-paru,Другое,2,118
218,"Веганские блюда",veganskaya-dieta,107008,https://dzen.ru/topic/veganskaya-dieta,Другое,2,118
219,"Мюнхен",myunkhen,102912,https://dzen.ru/topic/myunkhen,Другое,2,118
220,"День семьи, любви и верности",den-semji,27529,https://dzen.ru/topic/den-semji,Семья,3,118
221,"Блюда для детей",detskoe-menyu,27136,https://dzen.ru/topic/detskoe-menyu,Семья,3,118
222,"Технологии в музыке",tekhnologii-v-muzyke,27136,https://dzen.ru/topic/tekhnologii-v-muzyke,Технологии,3,118
223,"Уличная мода и стритстайл",ulichnaja-moda-i-stritstayl,26624,https://dzen.ru/topic/ulichnaja-moda-i-stritstayl,Красота,3,118
224,"Эко-красота и натуральные средства",eko-kras%D0%BEta-i-naturalnye-sredstva,24576,https://dzen.ru/topic/eko-kras%D0%BEta-i-naturalnye-sredstva,Красота,3,118
225,"История моды и стиля",istorija-mody-i-stila,18432,https://dzen.ru/topic/istorija-mody-i-stila,Красота,3,118
226,"Десерты для детей",deserty-dlya-detej,14000,https://dzen.ru/topic/deserty-dlya-detej,Семья,3,118
227,"Оладьи для детей",oladi-dlya-detej,11900,https://dzen.ru/topic/oladi-dlya-detej,Семья,3,118
228,"Блины для детей",bliny-dlya-detej,11800,https://dzen.ru/topic/bliny-dlya-detej,Семья,3,118
229,"Тренды и новинки моды",trendy-i-novinki-mody,11264,https://dzen.ru/topic/trendy-i-novinki-mody,Красота,3,118
230,"Ипотека",ipoteka,943,https://dzen.ru/topic/ipoteka,Финансы,5,118
231,"Уход за автомобилем",ukhod-za-avtomobilem,504,https://dzen.ru/topic/ukhod-za-avtomobilem,Авто,5,118
232,"Автомобильные гаджеты",avtomobilnye-gadzhety,364,https://dzen.ru/topic/avtomobilnye-gadzhety,Авто,5,118
233,"Банковские услуги",bankovskie-uslugi,189,https://dzen.ru/topic/bankovskie-uslugi,Финансы,5,118
234,"ПП пицца",pp-picca,95200,https://dzen.ru/topic/pp-picca,Другое,2,116
235,"Вегетарианская пицца",vegetarianskaya-picca,95000,https://dzen.ru/topic/vegetarianskaya-picca,Другое,2,116
236,"Рецепты из творога",recepty-iz-tvoroga,93464,https://dzen.ru/topic/recepty-iz-tvoroga,Еда,2,116
237,"Рецепты соусов",recepty-sousov,88599,https://dzen.ru/topic/recepty-sousov,Еда,2,116
238,"Рецепты из кабачков",recepty-iz-kabachkov,87300,https://dzen.ru/topic/recepty-iz-kabachkov,Еда,2,116
239,"Вегетарианские блюда",vegetarianskie-blyuda,84992,https://dzen.ru/topic/vegetarianskie-blyuda,Другое,2,116
240,"Военно-патриотическая деятельность",voenno-patrioticheskaja-dejatelnost,84756,https://dzen.ru/topic/voenno-patrioticheskaja-dejatelnost,Другое,2,116
241,"Обучение русскому языку",obuchenie-russkomu-yazyku,84357,https://dzen.ru/topic/obuchenie-russkomu-yazyku,Другое,2,116
242,"Робототехника",robototekhnika,77824,https://dzen.ru/topic/robototekhnika,Другое,2,116
243,"Кировск (Мурманская область)",kirovsk,77312,https://dzen.ru/topic/kirovsk,Другое,2,116
244,"Истории о личном",lichnye-istorii,74634,https://dzen.ru/topic/lichnye-istorii,История,2,116
245,"Приюты для животных",priyuty-dlya-zhivotnyx,73605,https://dzen.ru/topic/priyuty-dlya-zhivotnyx,Животные,2,116
246,"Кулинарные лайфхаки и секреты",kulinarnye-layfhaki,72704,https://dzen.ru/topic/kulinarnye-layfhaki,Еда,2,116
247,"Бургас",burgas,72704,https://dzen.ru/topic/burgas,Другое,2,116
248,"Маринованые блюда",marinovanye-blyuda,72192,https://dzen.ru/topic/marinovanye-blyuda,Другое,2,116
249,"Развитие малышей",razvitie-malyshey,68950,https://dzen.ru/topic/razvitie-malyshey,Другое,2,116
250,"Электронные книги",ehlektronnye-knigi,68096,https://dzen.ru/topic/ehlektronnye-knigi,Другое,2,116
251,"Кулинарная энциклопедия",kulinarnaya-ehnciklopediya,66031,https://dzen.ru/topic/kulinarnaya-ehnciklopediya,Еда,2,116
252,"Животноводство",zhivotnovodstvo,63133,https://dzen.ru/topic/zhivotnovodstvo,Животные,2,116
253,"Как живут в Армении",novosti-armenii,61264,https://dzen.ru/topic/novosti-armenii,Другое,2,116
254,"Военно-морская история",voenno-morskaya-istoriya,61110,https://dzen.ru/topic/voenno-morskaya-istoriya,История,2,116
255,"Варна",varna,60928,https://dzen.ru/topic/varna,Другое,2,116
256,"Служба в армии",sluzhba-v-armii,59731,https://dzen.ru/topic/sluzhba-v-armii,Другое,2,116
257,"История России",istoriya-rossii,59285,https://dzen.ru/topic/istoriya-rossii,История,2,116
258,"Уход за гортензиями",uhod-za-gortenziyami,59185,https://dzen.ru/topic/uhod-za-gortenziyami,Другое,2,116
259,"Постные булочки",postnye-bulochki,58900,https://dzen.ru/topic/postnye-bulochki,Другое,2,116
260,"Магия",magiya,57693,https://dzen.ru/topic/magiya,Другое,2,116
261,"Промышленность",promyshlennost,57326,https://dzen.ru/topic/promyshlennost,Другое,2,116
262,"Кони и лошади",koni-i-loshadi,54796,https://dzen.ru/topic/koni-i-loshadi,Другое,2,116
263,"Шотландская кухня",shotlandskaya-kuhnya,54272,https://dzen.ru/topic/shotlandskaya-kuhnya,Другое,2,116
264,"Военная техника",voennaya-tekhnika-i-vooruzhenie,54214,https://dzen.ru/topic/voennaya-tekhnika-i-vooruzhenie,Другое,2,116
265,"Ржаные булочки",rzhanye-bulochki,53700,https://dzen.ru/topic/rzhanye-bulochki,Другое,2,116
266,"Истра",istra,53248,https://dzen.ru/topic/istra,Другое,2,116
267,"Кухня юга России",kuhnya-yuga-rossii,52125,https://dzen.ru/topic/kuhnya-yuga-rossii,Другое,2,116
268,"Брак",semya-i-brak,50337,https://dzen.ru/topic/semya-i-brak,Другое,2,116
269,"Государственная дума",gosudarstvennaya-duma,48270,https://dzen.ru/topic/gosudarstvennaya-duma,Другое,2,116
270,"Atomic Heart",atomic-heart,48128,https://dzen.ru/topic/atomic-heart,Другое,2,116
271,"Семейные драмы",semeynye-dramy,47929,https://dzen.ru/topic/semeynye-dramy,Другое,2,116
272,"Умные весы",umnye-vesy,47616,https://dzen.ru/topic/umnye-vesy,Другое,2,116
273,"ПП брауни",pp-brauni,47500,https://dzen.ru/topic/pp-brauni,Другое,2,116
274,"Строительство",stroitelstvo,46392,https://dzen.ru/topic/stroitelstvo,Другое,2,116
275,"Тушёные блюда",tushyonye-blyuda,46080,https://dzen.ru/topic/tushyonye-blyuda,Другое,2,116
276,"Тропические острова",tropicheskie-ostrova,45568,https://dzen.ru/topic/tropicheskie-ostrova,Другое,2,116
277,"Простые рецепты копчения",prostye-recepty-kopcheniya,44400,https://dzen.ru/topic/prostye-recepty-kopcheniya,Еда,2,116
278,"Простое варенье",prostoe-varene,43900,https://dzen.ru/topic/prostoe-varene,Другое,2,116
279,"Овощной смузи",ovoshchnoj-smuzi,43700,https://dzen.ru/topic/ovoshchnoj-smuzi,Другое,2,116
280,"Skywell",skywell,41984,https://dzen.ru/topic/skywell,Другое,2,116
281,"Farming Simulator 22",farming-simulator-22,39936,https://dzen.ru/topic/farming-simulator-22,Другое,2,116
282,"Радиотехника",radiotexnika,39165,https://dzen.ru/topic/radiotexnika,Другое,2,116
283,"Марракеш",marrakesh,38912,https://dzen.ru/topic/marrakesh,Другое,2,116
284,"Рецепты матча",recepty-matcha,38600,https://dzen.ru/topic/recepty-matcha,Еда,2,116
285,"Поэзия и стихи",poeziya-i-stihi,38409,https://dzen.ru/topic/poeziya-i-stihi,Другое,2,116
286,"Бабл ти",babl-ti,38400,https://dzen.ru/topic/babl-ti,Другое,2,116
287,"Сухуми",sukhumi,37376,https://dzen.ru/topic/sukhumi,Другое,2,116
288,"Кухни мира",kuhni-mira,37376,https://dzen.ru/topic/kuhni-mira,Другое,2,116
289,"Машинное обучение (Machine Learning)",mashinnoe-obuchenie-ml,35840,https://dzen.ru/topic/mashinnoe-obuchenie-ml,Другое,2,116
290,"Это у нас семейное",eto-u-nas-semeynoe,34568,https://dzen.ru/topic/eto-u-nas-semeynoe,Другое,2,116
291,"Морковный сок",morkovnyj-sok,33900,https://dzen.ru/topic/morkovnyj-sok,Другое,2,116
292,"Анастасия Волочкова",anastasia-volochkova,32998,https://dzen.ru/topic/anastasia-volochkova,Другое,2,116
293,"Простые блюда из круп",prostye-blyuda-iz-krup,32700,https://dzen.ru/topic/prostye-blyuda-iz-krup,Другое,2,116
294,"Как живут в Финляндии",sobytija-v-finljandii,32179,https://dzen.ru/topic/sobytija-v-finljandii,Другое,2,116
295,"Гоша Рубчинский",gosha-rubchinskiy,31744,https://dzen.ru/topic/gosha-rubchinskiy,Другое,2,116
296,"Обучение программированию",obuchenie-programmirovaniyu,31703,https://dzen.ru/topic/obuchenie-programmirovaniyu,Другое,2,116
297,"Загреб",zagreb,31232,https://dzen.ru/topic/zagreb,Другое,2,116
298,"Юра Борисов",yurij-borisov,30302,https://dzen.ru/topic/yurij-borisov,Другое,2,116
299,"Коломбо",kolombo,30208,https://dzen.ru/topic/kolombo,Другое,2,116
300,"Путешествия",travel,7419022,https://dzen.ru/topic/travel,Путешествия,3,112
301,"Красота и стиль",beauty,6364343,https://dzen.ru/topic/beauty,Красота,3,112
302,"Гаджеты и электроника",gadzhety-i-it,5727646,https://dzen.ru/topic/gadzhety-i-it,Технологии,3,112
303,"IT",it,5667159,https://dzen.ru/topic/it,Технологии,3,112
304,"Курсы психолога",kursy-psikhologa,7954,https://dzen.ru/topic/kursy-psikhologa,Образование,4,110
305,"Малый бизнес",malyj-biznes,7867,https://dzen.ru/topic/malyj-biznes,Бизнес,4,110
306,"Разработки в IOS",razrabotki-v-ios,7867,https://dzen.ru/topic/razrabotki-v-ios,Карьера,4,110
307,"Бизнес-книги",biznes-knigi,7836,https://dzen.ru/topic/biznes-knigi,Бизнес,4,110
308,"Ремонт и отделка балкона и лоджии",remont-i-otdelka-balkona-i-lodzhii,7810,https://dzen.ru/topic/remont-i-otdelka-balkona-i-lodzhii,Ремонт и дом,4,110
309,"Курс доллара",kurs-dollara,7571,https://dzen.ru/topic/kurs-dollara,Образование,4,110
310,"Рецепты раздельного питания",recepty-razdelnogo-pitaniya,7536,https://dzen.ru/topic/recepty-razdelnogo-pitaniya,Здоровье,4,110
311,"Ремонт двигателя",remont-dvigatelya,7502,https://dzen.ru/topic/remont-dvigatelya,Ремонт и дом,4,110
312,"Рецепты здорового питания",recepty-zdorovogo-pitaniya,7497,https://dzen.ru/topic/recepty-zdorovogo-pitaniya,Здоровье,4,110
313,"Дополнительное образование",dopolnitelnoe-obrazovanie,7402,https://dzen.ru/topic/dopolnitelnoe-obrazovanie,Образование,4,110
314,"Ремонт и отделка гостинной",remont-i-otdelka-gostinnoj,7143,https://dzen.ru/topic/remont-i-otdelka-gostinnoj,Ремонт и дом,4,110
315,"Крупный бизнес",krupnyj-biznes,6898,https://dzen.ru/topic/krupnyj-biznes,Бизнес,4,110
316,"Работа с мехом",rabota-s-mekhom,6847,https://dzen.ru/topic/rabota-s-mekhom,Карьера,4,110
317,"Средний бизнес",srednij-biznes,6288,https://dzen.ru/topic/srednij-biznes,Бизнес,4,110
318,"Разработки в Android",razrabotki-v-android,6288,https://dzen.ru/topic/razrabotki-v-android,Карьера,4,110
319,"Рецепты для похудения",recepty-dlya-pokhudeniya,6200,https://dzen.ru/topic/recepty-dlya-pokhudeniya,Здоровье,4,110
320,"Льготы для бизнеса",lgoty-dlya-biznesa,6139,https://dzen.ru/topic/lgoty-dlya-biznesa,Бизнес,4,110
321,"Дизайн интерьера в классическом стиле",dizajn-interera-v-klassicheskom-stile,5939,https://dzen.ru/topic/dizajn-interera-v-klassicheskom-stile,Ремонт и дом,4,110
322,"Дизайн интерьера в стиле хай-тек",dizajn-interera-v-stile-khaj-tek,5938,https://dzen.ru/topic/dizajn-interera-v-stile-khaj-tek,Ремонт и дом,4,110
323,"Ремонт кровли",remont-krovli,5886,https://dzen.ru/topic/remont-krovli,Ремонт и дом,4,110
324,"Курсы 1С",kursy-1s,5844,https://dzen.ru/topic/kursy-1s,Образование,4,110
325,"Здоровье печени",zdorove-pecheni,5835,https://dzen.ru/topic/zdorove-pecheni,Здоровье,4,110
326,"Ремонт и отделка детской комнаты",remont-i-otdelka-detskoj-komnaty,5833,https://dzen.ru/topic/remont-i-otdelka-detskoj-komnaty,Ремонт и дом,4,110
327,"Работа со стеклом",rabota-so-steklom,5832,https://dzen.ru/topic/rabota-so-steklom,Карьера,4,110
328,"Ремонт подвески",remont-podveski,4950,https://dzen.ru/topic/remont-podveski,Ремонт и дом,4,110
329,"Здоровье нервной системы",nevrologicheskie-zabolevaniya,4950,https://dzen.ru/topic/nevrologicheskie-zabolevaniya,Здоровье,4,110
330,"Стартапы",startapy,4712,https://dzen.ru/topic/startapy,Бизнес,4,110
331,"Бизнес и предпринимательство",biznes-i-predprinimatelstvo,4557,https://dzen.ru/topic/biznes-i-predprinimatelstvo,Бизнес,4,110
332,"Программное обеспечение для бизнеса",po-dlya-biznesa,3759,https://dzen.ru/topic/po-dlya-biznesa,Бизнес,4,110
333,"Ремонт и отделка кухни",remont-i-otdelka-kukhni,3702,https://dzen.ru/topic/remont-i-otdelka-kukhni,Ремонт и дом,4,110
334,"Бизнес-планы",biznes-plany,3393,https://dzen.ru/topic/biznes-plany,Бизнес,4,110
335,"Всероссийская олимпиада школьников",vserossijskaya-olimpiada-shkolnikov,3264,https://dzen.ru/topic/vserossijskaya-olimpiada-shkolnikov,Образование,4,110
336,"Ремонт кузова",remont-kuzova,3133,https://dzen.ru/topic/remont-kuzova,Ремонт и дом,4,110
337,"Ремонт выхлопной системы",remont-vykhlopnoj-sistemy,2461,https://dzen.ru/topic/remont-vykhlopnoj-sistemy,Ремонт и дом,4,110
338,"Здоровый сон",zdorovyi-son,2456,https://dzen.ru/topic/zdorovyi-son,Здоровье,4,110
339,"Онлайн-образование и курсы",onlajn-obrazovanie-i-kursy,2177,https://dzen.ru/topic/onlajn-obrazovanie-i-kursy,Образование,4,110
340,"Высшее образование",vysshee-obrazovanie,1855,https://dzen.ru/topic/vysshee-obrazovanie,Образование,4,110
341,"Вступительные экзамены в ВУЗы",vstupitelnye-ehkzameny-v-vuzy,1659,https://dzen.ru/topic/vstupitelnye-ehkzameny-v-vuzy,Образование,4,110
342,"Здоровая беременность",zdorovaya-beremennost,1263,https://dzen.ru/topic/zdorovaya-beremennost,Здоровье,4,110
343,"Ремонт и отделка прихожей",remont-i-otdelka-prikhozhej,1138,https://dzen.ru/topic/remont-i-otdelka-prikhozhej,Ремонт и дом,4,110
344,"Йога для детей",joga-dlya-detej,9688,https://dzen.ru/topic/joga-dlya-detej,Семья,3,108
345,"Нанотехнологии",nanotekhnologii,8993,https://dzen.ru/topic/nanotekhnologii,Технологии,3,108
346,"Льготы для детей",lgoty-dlya-detej,8862,https://dzen.ru/topic/lgoty-dlya-detej,Семья,3,108
347,"Дети в сети",mezhdunarodnyj-den-zashchity-detej-1-iyunya,8721,https://dzen.ru/topic/mezhdunarodnyj-den-zashchity-detej-1-iyunya,Семья,3,108
348,"Домашний уход за волосами",domashnij-ukhod-za-volosami,8455,https://dzen.ru/topic/domashnij-ukhod-za-volosami,Красота,3,108
349,"Природа",priroda,3762618,https://dzen.ru/topic/priroda,Другое,2,102
350,"Дача, сад и огород",dacha-sad-i-ogorod,3472541,https://dzen.ru/topic/dacha-sad-i-ogorod,Дача,2,102
351,"Садоводство",sadovodstvo,2610370,https://dzen.ru/topic/sadovodstvo,Дача,2,102
352,"Рассказы и истории",rasskazy-i-istorii,2084598,https://dzen.ru/topic/rasskazy-i-istorii,История,2,102
353,"Новости Голливуда",novosti-gollivuda,242121,https://dzen.ru/topic/novosti-gollivuda,Новости,1,100
354,"Влад Лисовец",vlad-lisovec,29482,https://dzen.ru/topic/vlad-lisovec,Другое,2,100
355,"Простые блюда из овощей",prostye-blyuda-iz-ovoshchej,29200,https://dzen.ru/topic/prostye-blyuda-iz-ovoshchej,Другое,2,100
356,"Эстетика стиля",estetika-stila,27136,https://dzen.ru/topic/estetika-stila,Другое,2,100
357,"Теплицы и парники",teplicy-i-parniki,26026,https://dzen.ru/topic/teplicy-i-parniki,Другое,2,100
358,"Простые блюда из птицы",prostye-blyuda-iz-pticy,25700,https://dzen.ru/topic/prostye-blyuda-iz-pticy,Другое,2,100
359,"Компоты",kompoty,25600,https://dzen.ru/topic/kompoty,Другое,2,100
360,"Бег",vse-o-bege,25495,https://dzen.ru/topic/vse-o-bege,Другое,2,100
361,"Заметные",zametnye,24925,https://dzen.ru/topic/zametnye,Другое,2,100
362,"Преступления",prestuplenija,24899,https://dzen.ru/topic/prestuplenija,Другое,2,100
363,"Копчение",kopchenie,24000,https://dzen.ru/topic/kopchenie,Другое,2,100
364,"Домашние птицы",ptisy,23737,https://dzen.ru/topic/ptisy,Другое,2,100
365,"Пирожное Корзиночка",pirozhnoe-korzinochka,22200,https://dzen.ru/topic/pirozhnoe-korzinochka,Другое,2,100
366,"Визит Путина в Китай",vizit-putina-v-knr,21678,https://dzen.ru/topic/vizit-putina-v-knr,Другое,2,100
367,"Простые рецепты",prostye-recepty,21000,https://dzen.ru/topic/prostye-recepty,Еда,2,100
368,"Ученые",uchenye,20958,https://dzen.ru/topic/uchenye,Другое,2,100
369,"Deep Seek",deep-seek,20949,https://dzen.ru/topic/deep-seek,Другое,2,100
370,"Рецепты для начинающих",recepty-dlya-nachinayushchikh,20900,https://dzen.ru/topic/recepty-dlya-nachinayushchikh,Еда,2,100
371,"Торт без глютена",tort-bez-glyutena,20800,https://dzen.ru/topic/tort-bez-glyutena,Другое,2,100
372,"Необычные рецепты",neobychnye-recepty,20800,https://dzen.ru/topic/neobychnye-recepty,Еда,2,100
373,"Рецепты за 50 минут",recepty-za-50-minut,20500,https://dzen.ru/topic/recepty-za-50-minut,Еда,2,100
374,"История Африки",istoriya-afriki,20492,https://dzen.ru/topic/istoriya-afriki,История,2,100
375,"Рецепты за 25 минут",recepty-za-25-minut,20100,https://dzen.ru/topic/recepty-za-25-minut,Еда,2,100
376,"Рецепты за 15 минут",recepty-za-15-minut,19900,https://dzen.ru/topic/recepty-za-15-minut,Еда,2,100
377,"Рецепты за 10 минут",recepty-za-10-minut,19800,https://dzen.ru/topic/recepty-za-10-minut,Еда,2,100
378,"Рецепты за 5 минут",recepty-za-5-minut,19700,https://dzen.ru/topic/recepty-za-5-minut,Еда,2,100
379,"Быстрые рецепты",bystrye-recepty,19600,https://dzen.ru/topic/bystrye-recepty,Еда,2,100
380,"Рецепты по времени приготовления",recepty-po-vremeni-prigotovleniya,19500,https://dzen.ru/topic/recepty-po-vremeni-prigotovleniya,Еда,2,100
381,"Рецепты на неделю",recepty-na-nedelyu,19300,https://dzen.ru/topic/recepty-na-nedelyu,Еда,2,100
382,"Рецепты впрок",recepty-vprok,19200,https://dzen.ru/topic/recepty-vprok,Еда,2,100
383,"Весенние рецепты",vesennie-recepty,18400,https://dzen.ru/topic/vesennie-recepty,Еда,2,100
384,"Вестерны",vesterny,18392,https://dzen.ru/topic/vesterny,Другое,2,100
385,"Зимние рецепты",zimnie-recepty,18300,https://dzen.ru/topic/zimnie-recepty,Еда,2,100
386,"Обувь",mir-obuvi,18242,https://dzen.ru/topic/mir-obuvi,Другое,2,100
387,"Летние рецепты",letnie-recepty,18200,https://dzen.ru/topic/letnie-recepty,Еда,2,100
388,"Рецепты на 23 февраля",recepty-na-23-fevralya,17500,https://dzen.ru/topic/recepty-na-23-fevralya,Еда,2,100
389,"Рождественские рецепты",rozhdestvenskie-recepty,17400,https://dzen.ru/topic/rozhdestvenskie-recepty,Еда,2,100
390,"Новогодние рецепты",novogodnie-recepty,17300,https://dzen.ru/topic/novogodnie-recepty,Еда,2,100
391,"Гимнастика",gimnastika,16975,https://dzen.ru/topic/gimnastika,Другое,2,100
392,"Клава Кока",klava-koka,16807,https://dzen.ru/topic/klava-koka,Другое,2,100
393,"Огород",ogorod,16793,https://dzen.ru/topic/ogorod,Дача,2,100
394,"Упражнения для стройности",stroynost,16436,https://dzen.ru/topic/stroynost,Другое,2,100
395,"Ежи",ezhi,15812,https://dzen.ru/topic/ezhi,Другое,2,100
396,"Ольга Игоревна Бузова",olga-buzova,15064,https://dzen.ru/topic/olga-buzova,Другое,2,100
397,"Тесто для вареников",testo-dlya-varenikov,15000,https://dzen.ru/topic/testo-dlya-varenikov,Другое,2,100
398,"Иммануил Кант",immanuil-kant,15000,https://dzen.ru/topic/immanuil-kant,Другое,2,100
399,"Куриный бульон",kurinyj-bulon,15000,https://dzen.ru/topic/kurinyj-bulon,Другое,2,100
400,"Международная организация труда (МОТ)",mezhdunarodnaya-organizaciya-truda,14567,https://dzen.ru/topic/mezhdunarodnaya-organizaciya-truda,Другое,2,100
401,"Кускус с овощами",kuskus-s-ovoshchami,14567,https://dzen.ru/topic/kuskus-s-ovoshchami,Другое,2,100
402,"Креветки с овощами",krevetki-s-ovoshchami,14567,https://dzen.ru/topic/krevetki-s-ovoshchami,Другое,2,100
403,"Кролик в соусе",krolik-v-souse,14567,https://dzen.ru/topic/krolik-v-souse,Другое,2,100
404,"Иван Кожедуб",ivan-kozhedub,14567,https://dzen.ru/topic/ivan-kozhedub,Другое,2,100
405,"Российский спорт в лицах",rossijskij-sport-v-licah,14336,https://dzen.ru/topic/rossijskij-sport-v-licah,Спорт,2,100
406,"Медитация",meditaciya,14287,https://dzen.ru/topic/meditaciya,Другое,2,100
407,"Всё о гречке",vse-o-grechke,14214,https://dzen.ru/topic/vse-o-grechke,Другое,2,100
408,"Эдуард Сперцян",ehduard-spercyan,13969,https://dzen.ru/topic/ehduard-spercyan,Другое,2,100
409,"Ралли Финляндии",ralli-finlyandii,13652,https://dzen.ru/topic/ralli-finlyandii,Другое,2,100
410,"Химия",khimiya,13069,https://dzen.ru/topic/khimiya,Другое,2,100
411,"Гран-при Азербайджана",gran-pri-azerbajdzhana,13068,https://dzen.ru/topic/gran-pri-azerbajdzhana,Другое,2,100
412,"Платежные системы",platezhnye-sistemy,12987,https://dzen.ru/topic/platezhnye-sistemy,Другое,2,100
413,"Дмитрий Иванович Менделеев",dmitriy-ivanovich-mendeleev,12987,https://dzen.ru/topic/dmitriy-ivanovich-mendeleev,Другое,2,100
414,"Велогонка Париж — Рубе",parizh-rube,12221,https://dzen.ru/topic/parizh-rube,Другое,2,100
415,"Профилактика заболеваний",profilaktika-zabolevanij,12187,https://dzen.ru/topic/profilaktika-zabolevanij,Другое,2,100
416,"Инстасамка (Дарья Евгеньевна Зотеева)",instasamka,11802,https://dzen.ru/topic/instasamka,Другое,2,100
417,"Джек Дуэн",dzhek-duehn,11257,https://dzen.ru/topic/dzhek-duehn,Другое,2,100
418,"Гарниры из цветной капусты",garniry-iz-cvetnoj-kapusty,11234,https://dzen.ru/topic/garniry-iz-cvetnoj-kapusty,Другое,2,100
419,"Тефтели с овощами",tefteli-s-ovoshchami,11234,https://dzen.ru/topic/tefteli-s-ovoshchami,Другое,2,100
420,"ПП гарниры",pp-garniry,11234,https://dzen.ru/topic/pp-garniry,Другое,2,100
421,"Лиам Лоусон",liam-louson,10691,https://dzen.ru/topic/liam-louson,Другое,2,100
422,"Большой Шлем по дзюдо",bolshoj-shlem-po-dzyudo,10575,https://dzen.ru/topic/bolshoj-shlem-po-dzyudo,Другое,2,100
423,"Шеф-повара",shef-povara,10514,https://dzen.ru/topic/shef-povara,Другое,2,100
424,"Анна Владимировна Сидорова",anna-sidorova,10500,https://dzen.ru/topic/anna-sidorova,Другое,2,100
425,"Блогеры",blogery,10492,https://dzen.ru/topic/blogery,Другое,2,100
426,"Хоккейный клуб Сочи",hk-sochi,10321,https://dzen.ru/topic/hk-sochi,Другое,2,100
427,"Гастрономия",gastronomiya,10045,https://dzen.ru/topic/gastronomiya,Другое,2,100
428,"Работа с деревом",rabota-s-derevom,973,https://dzen.ru/topic/rabota-s-derevom,Карьера,4,100
429,"Работа с металлом",rabota-s-metallom,644,https://dzen.ru/topic/rabota-s-metallom,Карьера,4,100
430,"Предприниматели",predprinimateli,630,https://dzen.ru/topic/predprinimateli,Бизнес,4,100
431,"Фильм ""Грязные танцы""",film-gryaznye-tancy,30622,https://dzen.ru/topic/film-gryaznye-tancy,Развлечения,1,98
432,"Спорт",sport,9262948,https://dzen.ru/topic/sport,Спорт,2,94
433,"Увлечения",uvlecheniya,5065774,https://dzen.ru/topic/uvlecheniya,Другое,2,94
434,"История",istoriya,5027560,https://dzen.ru/topic/istoriya,История,2,94
435,"Трансперсональная психология",transpersonalnaya-psikhologiya,7918,https://dzen.ru/topic/transpersonalnaya-psikhologiya,Психология,3,92
436,"Психологические триллеры",psy-trillery,7794,https://dzen.ru/topic/psy-trillery,Психология,3,92
437,"Обустройство зона отдыха на участке",obustrojstvo-zona-otdykha-na-uchastke,7794,https://dzen.ru/topic/obustrojstvo-zona-otdykha-na-uchastke,Путешествия,3,92
438,"Тренды в окрашивании волос",trendy-v-okrashivanii-volos,7779,https://dzen.ru/topic/trendy-v-okrashivanii-volos,Красота,3,92
439,"Экзистенциальная психология",ehkzistencialnaya-psikhologiya,7593,https://dzen.ru/topic/ehkzistencialnaya-psikhologiya,Психология,3,92
440,"Супы для детей",supy-dlya-detej,7500,https://dzen.ru/topic/supy-dlya-detej,Семья,3,92
441,"Детские стрижки",detskie-strizhki,7497,https://dzen.ru/topic/detskie-strizhki,Семья,3,92
442,"Решение конфликтов в семье",reshenie-konfliktov-v-seme,7453,https://dzen.ru/topic/reshenie-konfliktov-v-seme,Семья,3,92
443,"Первые блюда для детей",pervye-blyuda-dlya-detej,7300,https://dzen.ru/topic/pervye-blyuda-dlya-detej,Семья,3,92
444,"Позитивная психология",pozitivnaya-psikhologiya,7245,https://dzen.ru/topic/pozitivnaya-psikhologiya,Психология,3,92
445,"Детские лагеря",detskie-lagerya,7039,https://dzen.ru/topic/detskie-lagerya,Семья,3,92
446,"Подходы и направления в психологии",podkhody-i-napravleniya-v-psikhologii,6916,https://dzen.ru/topic/podkhody-i-napravleniya-v-psikhologii,Психология,3,92
447,"Женская психология",zhenskaya-psikhologiya,6898,https://dzen.ru/topic/zhenskaya-psikhologiya,Психология,3,92
448,"Рисование для детей",risovanie-dlya-detej,6588,https://dzen.ru/topic/risovanie-dlya-detej,Семья,3,92
449,"Детско-родительские отношения",detsko-roditelskie-otnosheniya,6288,https://dzen.ru/topic/detsko-roditelskie-otnosheniya,Психология,3,92
450,"Детская комната для мальчиков",detskaya-komnata-dlya-malchikov,6047,https://dzen.ru/topic/detskaya-komnata-dlya-malchikov,Семья,3,92
451,"Модульные дома",modulnye-doma,5842,https://dzen.ru/topic/modulnye-doma,Красота,3,92
452,"Модная одежда",modnaya-odezhda,5833,https://dzen.ru/topic/modnaya-odezhda,Красота,3,92
453,"Психология личности",psikhologiya-lichnosti,5737,https://dzen.ru/topic/psikhologiya-lichnosti,Психология,3,92
454,"Религиозный туризм",religioznyj-turizm,4938,https://dzen.ru/topic/religioznyj-turizm,Путешествия,3,92
455,"Курорты России",kurorty-rossii,4732,https://dzen.ru/topic/kurorty-rossii,Путешествия,3,92
456,"Эксперименты в психологии",ehksperimenty-v-psikhologii,4704,https://dzen.ru/topic/ehksperimenty-v-psikhologii,Психология,3,92
457,"Психология любви",psikhologiya-lyubvi,4665,https://dzen.ru/topic/psikhologiya-lyubvi,Психология,3,92
458,"Отраслевые технологии",otraslevye-tekhnologii,4523,https://dzen.ru/topic/otraslevye-tekhnologii,Технологии,3,92
459,"Процедуры для волос",procedury-dlya-volos,3702,https://dzen.ru/topic/procedury-dlya-volos,Красота,3,92
460,"Путешествие с детьми",puteshestvie-s-detmi,3626,https://dzen.ru/topic/puteshestvie-s-detmi,Семья,3,92
461,"Детские писатели",detskie-pisateli,2272,https://dzen.ru/topic/detskie-pisateli,Семья,3,92
462,"Известные личности в психологии",izvestnye-lichnosti-v-psikhologii,2059,https://dzen.ru/topic/izvestnye-lichnosti-v-psikhologii,Психология,3,92
463,"Форум будущих технологий",forum-budushchih-tehnologiy,1756,https://dzen.ru/topic/forum-budushchih-tehnologiy,Технологии,3,92
464,"Мужская психология",muzhskaya-psikhologiya,1712,https://dzen.ru/topic/muzhskaya-psikhologiya,Психология,3,92
465,"Тренировки для детей",trenirovki-dlya-detej,1659,https://dzen.ru/topic/trenirovki-dlya-detej,Семья,3,92
466,"Фитнес-гаджеты",fitnes-gadzhety,1435,https://dzen.ru/topic/fitnes-gadzhety,Технологии,3,92
467,"It Takes Two",it-takes-two-2,1428,https://dzen.ru/topic/it-takes-two-2,Технологии,3,92
468,"Модные аксессуары",modnye-aksessuary,1138,https://dzen.ru/topic/modnye-aksessuary,Красота,3,92
469,"Легкая атлетика",legkaya-atletika,9898,https://dzen.ru/topic/legkaya-atletika,Другое,2,90
470,"Шиномонтаж",shinomontazh,9810,https://dzen.ru/topic/shinomontazh,Другое,2,90
471,"Блюда из дичи",blyuda-iz-dichi,9810,https://dzen.ru/topic/blyuda-iz-dichi,Другое,2,90
472,"Семейные ценности и традиции",semejnye-cennosti-i-tradicii,9709,https://dzen.ru/topic/semejnye-cennosti-i-tradicii,Другое,2,90
473,"Безопасность на рыбалке",bezopasnost-na-rybalke,9688,https://dzen.ru/topic/bezopasnost-na-rybalke,Другое,2,90
474,"Энтони Блинкен",ehntoni-blinken,9688,https://dzen.ru/topic/ehntoni-blinken,Другое,2,90
475,"Рецепты до 15 минут",retsepty-do-15-minut,9597,https://dzen.ru/topic/retsepty-do-15-minut,Еда,2,90
476,"Бодибилдинг",bodibilding,9495,https://dzen.ru/topic/bodibilding,Другое,2,90
477,"Художественная гимнастика",khudozhestvennaya-gimnastika,9495,https://dzen.ru/topic/khudozhestvennaya-gimnastika,Другое,2,90
478,"История Франции",istoriya-francii,9495,https://dzen.ru/topic/istoriya-francii,История,2,90
479,"Татьяна Буланова",tatyana-bulanova,9478,https://dzen.ru/topic/tatyana-bulanova,Другое,2,90
480,"Регби",regbi,9422,https://dzen.ru/topic/regbi,Другое,2,90
481,"Развод",razvod,9368,https://dzen.ru/topic/razvod,Другое,2,90
482,"Мобильное приложение",mobilnoe-prilozhenie,9321,https://dzen.ru/topic/mobilnoe-prilozhenie,Другое,2,90
483,"Кето сырники",keto-syrniki,9321,https://dzen.ru/topic/keto-syrniki,Другое,2,90
484,"Салат из крапивы",salat-iz-krapivy,9321,https://dzen.ru/topic/salat-iz-krapivy,Другое,2,90
485,"Куриные грудки",kurinye-grudki,9321,https://dzen.ru/topic/kurinye-grudki,Другое,2,90
486,"Холодные закуски",kholodnye-zakuski,9321,https://dzen.ru/topic/kholodnye-zakuski,Другое,2,90
487,"Оксана Валерьевна Самойлова",oksana-samojlova,9212,https://dzen.ru/topic/oksana-samojlova,Другое,2,90
488,"Денис Валентинович Мантуров",denis-manturov,9124,https://dzen.ru/topic/denis-manturov,Другое,2,90
489,"Правила дорожного движения 2024/25",pravila-dorozhnogo-dvizheniya-2024-25,9124,https://dzen.ru/topic/pravila-dorozhnogo-dvizheniya-2024-25,Другое,2,90
490,"БРИКС",briks,8981,https://dzen.ru/topic/briks,Другое,2,90
491,"Биологи",biologi,8981,https://dzen.ru/topic/biologi,Другое,2,90
492,"Исаак Ньютон",isaak-nyuton,8765,https://dzen.ru/topic/isaak-nyuton,Другое,2,90
493,"Фрэнсис Бэкон",frehnsis-behkon,8765,https://dzen.ru/topic/frehnsis-behkon,Другое,2,90
494,"Гарниры из круп",garniry-iz-krup,8765,https://dzen.ru/topic/garniry-iz-krup,Другое,2,90
495,"Овощи в маринаде",ovoshchi-v-marinade,8765,https://dzen.ru/topic/ovoshchi-v-marinade,Другое,2,90
496,"Свекла вареная",svekla-varenaya,8765,https://dzen.ru/topic/svekla-varenaya,Другое,2,90
497,"Гарниры из капусты",garniry-iz-kapusty,8765,https://dzen.ru/topic/garniry-iz-kapusty,Другое,2,90
498,"Усыновление",usynovlenie,8742,https://dzen.ru/topic/usynovlenie,Другое,2,90
499,"Смешарики. Спорт",smeshariki-sport,8742,https://dzen.ru/topic/smeshariki-sport,Спорт,2,90
500,"Коко Шанель",koko-shanel,8739,https://dzen.ru/topic/koko-shanel,Другое,2,90
501,"Диетические рецепты",dieticheskie-recepty,8721,https://dzen.ru/topic/dieticheskie-recepty,Еда,2,90
502,"Обустройство дорожек и тропинок",obustrojstvo-dorozhek-i-tropinok,8721,https://dzen.ru/topic/obustrojstvo-dorozhek-i-tropinok,Другое,2,90
503,"Подростковый кризис",podrostkovyj-krizis,8721,https://dzen.ru/topic/podrostkovyj-krizis,Другое,2,90
504,"Ким Кардашьян (Ким Ноэль Кардашьян)",kim-kardashyan,8631,https://dzen.ru/topic/kim-kardashyan,Другое,2,90
505,"Блюда из фруктов и ягод",blyuda-iz-fruktov-i-yagod,8504,https://dzen.ru/topic/blyuda-iz-fruktov-i-yagod,Другое,2,90
506,"Шоссейные велогонщики",shossejnye-velogonshchiki,8504,https://dzen.ru/topic/shossejnye-velogonshchiki,Другое,2,90
507,"Олег Дерипаска",oleg-deripaska,8465,https://dzen.ru/topic/oleg-deripaska,Другое,2,90
508,"Альфред Адлер",alfred-adler,8465,https://dzen.ru/topic/alfred-adler,Другое,2,90
509,"Рецепты без жарки",recepty-bez-zharki,8455,https://dzen.ru/topic/recepty-bez-zharki,Еда,2,90
510,"Амфибии",amfibii,8455,https://dzen.ru/topic/amfibii,Другое,2,90
511,"Плавание",plavanie,8455,https://dzen.ru/topic/plavanie,Другое,2,90
512,"Синхронное плавание",sinkhronnoe-plavanie,8455,https://dzen.ru/topic/sinkhronnoe-plavanie,Другое,2,90
513,"Гештальт",geshtalt,8436,https://dzen.ru/topic/geshtalt,Другое,2,90
514,"Уличное освещение на участке",ulichnoe-osveshchenie-na-uchastke,8436,https://dzen.ru/topic/ulichnoe-osveshchenie-na-uchastke,Другое,2,90
515,"История Америки",istoriya-ameriki,8382,https://dzen.ru/topic/istoriya-ameriki,История,2,90
516,"Психосоматика",psikhosomatika,8372,https://dzen.ru/topic/psikhosomatika,Другое,2,90
517,"Маринованные кабачки",marinovannye-kabachki,8300,https://dzen.ru/topic/marinovannye-kabachki,Другое,2,90
518,"Окрашивание в домашних условиях",okrashivanie-v-domashnikh-usloviyakh,8205,https://dzen.ru/topic/okrashivanie-v-domashnikh-usloviyakh,Другое,2,90
519,"Таунхаусы",taunkhausy,8205,https://dzen.ru/topic/taunkhausy,Другое,2,90
520,"Биология",biologiya,8125,https://dzen.ru/topic/biologiya,Другое,2,90
521,"Маринованная капуста",marinovannaya-kapusta,8100,https://dzen.ru/topic/marinovannaya-kapusta,Другое,2,90
522,"Восстановление и реабилитация после спортивных травм",vosstanovlenie-i-reabilitaciya,8099,https://dzen.ru/topic/vosstanovlenie-i-reabilitaciya,Спорт,2,90
523,"Гарик Харламов",garik-kharlamov,8071,https://dzen.ru/topic/garik-kharlamov,Другое,2,90
524,"Эзотерика",ehzoterika,2884461,https://dzen.ru/topic/ehzoterika,Эзотерика,1,84
525,"Новостная Москва",novostnaya-moskva,25495,https://dzen.ru/topic/novostnaya-moskva,Новости,1,82
526,"Фильм ""Птицы""",film-pticy,18492,https://dzen.ru/topic/film-pticy,Развлечения,1,82
527,"Фантастические фильмы",fantasticheskie-filmy,18342,https://dzen.ru/topic/fantasticheskie-filmy,Развлечения,1,82
528,"Криминальные фильмы",kriminalnye-filmy,18282,https://dzen.ru/topic/kriminalnye-filmy,Развлечения,1,82
529,"Фильм ""Онегин""",film-onegin,17922,https://dzen.ru/topic/film-onegin,Развлечения,1,82
530,"Фильм ""Аббатство Даунтон""",film-abbatstvo-daunton,17862,https://dzen.ru/topic/film-abbatstvo-daunton,Развлечения,1,82
531,"Фильм ""Легенда""",film-legenda,17492,https://dzen.ru/topic/film-legenda,Развлечения,1,82
532,"Фильм ""Тихое место 2""",film-tikhoe-mesto-2,17482,https://dzen.ru/topic/film-tikhoe-mesto-2,Развлечения,1,82
533,"Фильм ""Дороги""",film-dorogi,17232,https://dzen.ru/topic/film-dorogi,Развлечения,1,82
534,"Фильм ""Граница""",film-granica,17222,https://dzen.ru/topic/film-granica,Развлечения,1,82
535,"Фильм ""Я – медведь""",film-ya-medved,17072,https://dzen.ru/topic/film-ya-medved,Развлечения,1,82
536,"Фильм ""Призраки""",film-prizraki,16842,https://dzen.ru/topic/film-prizraki,Развлечения,1,82
537,"Фильм ""Самурай""",film-samuraj,16752,https://dzen.ru/topic/film-samuraj,Развлечения,1,82
538,"Фильм ""Дылда""",film-dylda,16512,https://dzen.ru/topic/film-dylda,Развлечения,1,82
539,"Фильм ""Рассказ""",film-rasskaz,16492,https://dzen.ru/topic/film-rasskaz,Развлечения,1,82
540,"Фильм ""Охота""",film-okhota,16482,https://dzen.ru/topic/film-okhota,Развлечения,1,82
541,"Фильм ""Близнец""",film-bliznec,16472,https://dzen.ru/topic/film-bliznec,Развлечения,1,82
542,"Фильм ""Граффити""",film-graffiti,16252,https://dzen.ru/topic/film-graffiti,Развлечения,1,82
543,"Фильм ""Беременный""",film-beremennyj,16222,https://dzen.ru/topic/film-beremennyj,Развлечения,1,82
544,"Фильм ""Дублер""",film-dubler,16152,https://dzen.ru/topic/film-dubler,Развлечения,1,82
545,"Фильм ""Глаз""",film-glaz,16102,https://dzen.ru/topic/film-glaz,Развлечения,1,82
546,"Фильм ""Мастер и Маргарита"" 2023",film-master-i-margarita-2023,16092,https://dzen.ru/topic/film-master-i-margarita-2023,Развлечения,1,82
547,"Фильм ""Другой""",film-drugoj,16042,https://dzen.ru/topic/film-drugoj,Развлечения,1,82
548,"Фильм ""Праздник""",film-prazdnik,16032,https://dzen.ru/topic/film-prazdnik,Развлечения,1,82
549,"Фильм ""Бабушка""",film-babushka,15982,https://dzen.ru/topic/film-babushka,Развлечения,1,82
550,"Фильм ""Бабки""",film-babki,15812,https://dzen.ru/topic/film-babki,Развлечения,1,82
551,"Фильм ""Дело было в Пенькове""",film-delo-bylo-v-penkove,15732,https://dzen.ru/topic/film-delo-bylo-v-penkove,Развлечения,1,82
552,"Фильм ""Поездка""",film-poezdka,15512,https://dzen.ru/topic/film-poezdka,Развлечения,1,82
553,"Фильм ""Дракула"" 1992",film-drakula-1992,15422,https://dzen.ru/topic/film-drakula-1992,Развлечения,1,82
554,"Фильм ""Квест""",film-kvest,15372,https://dzen.ru/topic/film-kvest,Развлечения,1,82
555,"Фильм ""Трудности перевода""",film-trudnosti-perevoda,15342,https://dzen.ru/topic/film-trudnosti-perevoda,Развлечения,1,82
556,"Фильм ""Добровольцы""",film-dobrovolcy,15302,https://dzen.ru/topic/film-dobrovolcy,Развлечения,1,82
557,"Фильм ""Доктор""",film-doktor,15292,https://dzen.ru/topic/film-doktor,Развлечения,1,82
558,"Фильм ""Отцы и дети""",film-otcy-i-deti,15272,https://dzen.ru/topic/film-otcy-i-deti,Развлечения,1,82
559,"Фильм ""Ма""",film-ma,15192,https://dzen.ru/topic/film-ma,Развлечения,1,82
560,"Фильм ""Кадры""",film-kadry,15082,https://dzen.ru/topic/film-kadry,Развлечения,1,82
561,"Фильм ""Отпуск""",film-otpusk,14852,https://dzen.ru/topic/film-otpusk,Развлечения,1,82
562,"Фильм ""Семья""",film-semya,14662,https://dzen.ru/topic/film-semya,Развлечения,1,82
563,"Фильм ""Август""",film-avgust,14632,https://dzen.ru/topic/film-avgust,Развлечения,1,82
564,"Фильм ""Хаос""",film-khaos,14602,https://dzen.ru/topic/film-khaos,Развлечения,1,82
565,"Фильм ""О чем говорят мужчины""",film-o-chem-govoryat-muzhchiny,14512,https://dzen.ru/topic/film-o-chem-govoryat-muzhchiny,Развлечения,1,82
566,"Фильм ""Нечисть""",film-nechist,14492,https://dzen.ru/topic/film-nechist,Развлечения,1,82
567,"Фильм ""Астрал""",film-astral,14482,https://dzen.ru/topic/film-astral,Развлечения,1,82
568,"Фильм ""Звонок""",film-zvonok,14402,https://dzen.ru/topic/film-zvonok,Развлечения,1,82
569,"Фильм ""Призрак""",film-prizrak,14392,https://dzen.ru/topic/film-prizrak,Развлечения,1,82
570,"Фильм ""Мой ласковый и нежный зверь""",film-moj-laskovyj-i-nezhnyj-zver,14322,https://dzen.ru/topic/film-moj-laskovyj-i-nezhnyj-zver,Развлечения,1,82
571,"Фильм ""Анатомия падения""",film-anatomiya-padeniya,14302,https://dzen.ru/topic/film-anatomiya-padeniya,Развлечения,1,82
572,"Фильм ""Клиент""",film-klient,14282,https://dzen.ru/topic/film-klient,Развлечения,1,82
573,"Фильм ""Без границ""",film-bez-granic,14002,https://dzen.ru/topic/film-bez-granic,Развлечения,1,82
574,"Фильм ""Грибы""",film-griby,13972,https://dzen.ru/topic/film-griby,Развлечения,1,82
575,"Фильм ""Дурные деньги""",film-durnye-dengi,13892,https://dzen.ru/topic/film-durnye-dengi,Развлечения,1,82
576,"Фильм ""Пустыня""",film-pustynya,13842,https://dzen.ru/topic/film-pustynya,Развлечения,1,82
577,"Фильм ""Клеопатра""",film-kleopatra,13642,https://dzen.ru/topic/film-kleopatra,Развлечения,1,82
578,"Фильм ""Осенний марафон""",film-osennij-marafon,13632,https://dzen.ru/topic/film-osennij-marafon,Развлечения,1,82
579,"Фильм ""Курск""",film-kursk,13582,https://dzen.ru/topic/film-kursk,Развлечения,1,82
580,"Фильм ""Завод""",film-zavod,13542,https://dzen.ru/topic/film-zavod,Развлечения,1,82
581,"Фильм ""Непослушник""",film-neposlushnik,13482,https://dzen.ru/topic/film-neposlushnik,Развлечения,1,82
582,"Фильм ""Камень""",film-kamen,13362,https://dzen.ru/topic/film-kamen,Развлечения,1,82
583,"Фильм ""Настя""",film-nastya,13292,https://dzen.ru/topic/film-nastya,Развлечения,1,82
584,"Фильм ""По семейным обстоятельствам""",film-po-semejnym-obstoyatelstvam,13272,https://dzen.ru/topic/film-po-semejnym-obstoyatelstvam,Развлечения,1,82
585,"Фильм ""Братья"" 2009",film-bratya-2009,13132,https://dzen.ru/topic/film-bratya-2009,Развлечения,1,82
586,"Фильм ""Мария""",film-mariya,12982,https://dzen.ru/topic/film-mariya,Развлечения,1,82
587,"Фильм ""За палыча!""",film-za-palycha,12972,https://dzen.ru/topic/film-za-palycha,Развлечения,1,82
588,"Фильм ""В темноте""",film-v-temnote,12962,https://dzen.ru/topic/film-v-temnote,Развлечения,1,82
589,"Фильм ""Претенденты""",film-pretendenty,12902,https://dzen.ru/topic/film-pretendenty,Развлечения,1,82
590,"Фильм ""Джокер"" 2016",film-dzhoker-2016,12892,https://dzen.ru/topic/film-dzhoker-2016,Развлечения,1,82
591,"Фильм ""Детка, детка, детка""",film-detka-detka-detka,12892,https://dzen.ru/topic/film-detka-detka-detka,Развлечения,1,82
592,"Фильм ""Жмурки""",film-zhmurki,12862,https://dzen.ru/topic/film-zhmurki,Развлечения,1,82
593,"Фильм ""Родные""",film-rodnye,12832,https://dzen.ru/topic/film-rodnye,Развлечения,1,82
594,"Фильм ""Гонка"" 1988",film-gonka-1988,12822,https://dzen.ru/topic/film-gonka-1988,Развлечения,1,82
595,"Фильм ""Праздники""",film-prazdniki,12812,https://dzen.ru/topic/film-prazdniki,Развлечения,1,82
596,"Фильм ""Холоп""",film-kholop,12792,https://dzen.ru/topic/film-kholop,Развлечения,1,82
597,"Фильм ""Захват""",film-zakhvat,12742,https://dzen.ru/topic/film-zakhvat,Развлечения,1,82
598,"Фильм ""Каникулы""",film-kanikuly,12732,https://dzen.ru/topic/film-kanikuly,Развлечения,1,82
599,"Фильм ""Любовь и голуби""",film-lyubov-i-golubi,12712,https://dzen.ru/topic/film-lyubov-i-golubi,Развлечения,1,82
600,"Фильм ""Алиса в стране чудес"" 1999",film-alisa-v-strane-chudes-1999,12702,https://dzen.ru/topic/film-alisa-v-strane-chudes-1999,Развлечения,1,82
601,"Фильм ""Батя""",film-batya,12672,https://dzen.ru/topic/film-batya,Развлечения,1,82
602,"Фильм ""Убийцы""",film-ubijcy,12532,https://dzen.ru/topic/film-ubijcy,Развлечения,1,82
603,"Фильм ""Судья""",film-sudya,12442,https://dzen.ru/topic/film-sudya,Развлечения,1,82
604,"Фильм ""Нюрнберг""",film-nyurnberg,12402,https://dzen.ru/topic/film-nyurnberg,Развлечения,1,82
605,"Фильм ""Девятая""",film-devyataya,12112,https://dzen.ru/topic/film-devyataya,Развлечения,1,82
606,"Фильм ""Царь""",film-car,12082,https://dzen.ru/topic/film-car,Развлечения,1,82
607,"Фильм ""Транс""",film-trans,11982,https://dzen.ru/topic/film-trans,Развлечения,1,82
608,"Фильм ""Тихое место""",film-tikhoe-mesto,11912,https://dzen.ru/topic/film-tikhoe-mesto,Развлечения,1,82
609,"Фильм ""Волк с Уолл-стрит""",film-volk-s-uoll-strit,11892,https://dzen.ru/topic/film-volk-s-uoll-strit,Развлечения,1,82
610,"Фильм ""Магия, магия""",film-magiya-magiya,11772,https://dzen.ru/topic/film-magiya-magiya,Развлечения,1,82
611,"Фильм ""Шестое чувство""",film-shestoe-chuvstvo,11752,https://dzen.ru/topic/film-shestoe-chuvstvo,Развлечения,1,82
612,"Фильм ""Джой""",film-dzhoj,11712,https://dzen.ru/topic/film-dzhoj,Развлечения,1,82
613,"Фильм ""Маленькие женщины""",film-malenkie-zhenshchiny,11582,https://dzen.ru/topic/film-malenkie-zhenshchiny,Развлечения,1,82
614,"Фильм ""Поклонник""",film-poklonnik,11532,https://dzen.ru/topic/film-poklonnik,Развлечения,1,82
615,"Фильм ""Свет""",film-svet,11502,https://dzen.ru/topic/film-svet,Развлечения,1,82
616,"Фильм ""Гость""",film-gost,11462,https://dzen.ru/topic/film-gost,Развлечения,1,82
617,"Фильм ""Катя-Катя""",film-katya-katya,11402,https://dzen.ru/topic/film-katya-katya,Развлечения,1,82
618,"Фильм ""Гордость и предубеждение"" 1940",film-gordost-i-predubezhdenie-1940,11342,https://dzen.ru/topic/film-gordost-i-predubezhdenie-1940,Развлечения,1,82
619,"Фильм ""Левиафан""",film-leviafan,11332,https://dzen.ru/topic/film-leviafan,Развлечения,1,82
620,"Фильм ""Психо""",film-psikho,11322,https://dzen.ru/topic/film-psikho,Развлечения,1,82
621,"Фильм ""Запах женщины""",film-zapakh-zhenshchiny,11172,https://dzen.ru/topic/film-zapakh-zhenshchiny,Развлечения,1,82
622,"Фильм ""Привидение""",film-prividenie,11102,https://dzen.ru/topic/film-prividenie,Развлечения,1,82
623,"Фильм ""Исчезнувший""",film-ischeznuvshij,11092,https://dzen.ru/topic/film-ischeznuvshij,Развлечения,1,82
624,"Фильм ""Плохие парни""",film-plokhie-parni,11062,https://dzen.ru/topic/film-plokhie-parni,Развлечения,1,82
625,"Фильм ""Рай""",film-raj,11032,https://dzen.ru/topic/film-raj,Развлечения,1,82
626,"Фильм ""Крестный отец""",film-krestnyj-otec,11002,https://dzen.ru/topic/film-krestnyj-otec,Развлечения,1,82
627,"Фильм ""Три тысячи лет желаний""",film-tri-tysyachi-let-zhelanij,10952,https://dzen.ru/topic/film-tri-tysyachi-let-zhelanij,Развлечения,1,82
628,"Фильм ""Пианист""",film-pianist,10902,https://dzen.ru/topic/film-pianist,Развлечения,1,82
629,"Фильм ""Ворошиловский стрелок""",film-voroshilovskij-strelok,10862,https://dzen.ru/topic/film-voroshilovskij-strelok,Развлечения,1,82
630,"Фильм ""Нелюбовь""",film-nelyubov,10742,https://dzen.ru/topic/film-nelyubov,Развлечения,1,82
631,"Фильм ""Дурак""",film-durak,10712,https://dzen.ru/topic/film-durak,Развлечения,1,82
632,"Фильм ""Одержимость""",film-oderzhimost,10702,https://dzen.ru/topic/film-oderzhimost,Развлечения,1,82
633,"Фильм ""Бумер""",film-bumer,10682,https://dzen.ru/topic/film-bumer,Развлечения,1,82
634,"Фильм ""Прогулка""",film-progulka,10682,https://dzen.ru/topic/film-progulka,Развлечения,1,82
635,"Фильм ""Гангстер""",film-gangster,10672,https://dzen.ru/topic/film-gangster,Развлечения,1,82
636,"Фильм ""Пожары""",film-pozhary,10642,https://dzen.ru/topic/film-pozhary,Развлечения,1,82
637,"Фильм ""Невозможное""",film-nevozmozhnoe,10582,https://dzen.ru/topic/film-nevozmozhnoe,Развлечения,1,82
638,"Фильм ""Зверь""",film-zver,10572,https://dzen.ru/topic/film-zver,Развлечения,1,82
639,"Фильм ""Молчание ягнят""",film-molchanie-yagnyat,10552,https://dzen.ru/topic/film-molchanie-yagnyat,Развлечения,1,82
640,"Фильм ""Выход""",film-vykhod,10402,https://dzen.ru/topic/film-vykhod,Развлечения,1,82
641,"Фильм ""Папа""",film-papa,10342,https://dzen.ru/topic/film-papa,Развлечения,1,82
642,"Фильм ""Игры разума""",film-igry-razuma,10262,https://dzen.ru/topic/film-igry-razuma,Развлечения,1,82
643,"Фильм ""Аферист""",film-aferist,10252,https://dzen.ru/topic/film-aferist,Развлечения,1,82
644,"Курорты Европы",kurorty-evropy,987,https://dzen.ru/topic/kurorty-evropy,Путешествия,3,82
645,"Отдых на природе",otdyh_na_prirode,980,https://dzen.ru/topic/otdyh_na_prirode,Путешествия,3,82
646,"Когнитивная психология",kognitivnaya-psikhologiya,943,https://dzen.ru/topic/kognitivnaya-psikhologiya,Психология,3,82
647,"Космические технологии",kosmicheskie-tekhnologii,553,https://dzen.ru/topic/kosmicheskie-tekhnologii,Технологии,3,82
648,"Путешествия с животными",puteshestviya_s_zhivotnymi,350,https://dzen.ru/topic/puteshestviya_s_zhivotnymi,Путешествия,3,82
649,"Экзотический отдых",ekzoticheskiy_otdyh,343,https://dzen.ru/topic/ekzoticheskiy_otdyh,Путешествия,3,82
650,"Фитнес для детей",fitnes-dlya-detej,252,https://dzen.ru/topic/fitnes-dlya-detej,Семья,3,82
651,"События регионов",regionalnye-novosti,8657935,https://dzen.ru/topic/regionalnye-novosti,Новости,1,76
652,"Гейминг",games,5794337,https://dzen.ru/topic/games,Развлечения,1,76
653,"Шоу-бизнес",shou-biznes,5319234,https://dzen.ru/topic/shou-biznes,Развлечения,1,76
654,"Луковичные растения и цветы",lukovichnye-sadovye-cvety,7954,https://dzen.ru/topic/lukovichnye-sadovye-cvety,Другое,2,74
655,"Мини-трактор",mini-traktor,7918,https://dzen.ru/topic/mini-traktor,Другое,2,74
656,"Абрахам Маслоу",abrakham-maslou,7874,https://dzen.ru/topic/abrakham-maslou,Другое,2,74
657,"Строительство беседки",stroitelstvo-besedki,7874,https://dzen.ru/topic/stroitelstvo-besedki,Другое,2,74
658,"День учителя - 5 октября",den-uchitelya-5-oktyabrya,7867,https://dzen.ru/topic/den-uchitelya-5-oktyabrya,Другое,2,74
659,"Рубен Варданян",ruben-vardanyan,7836,https://dzen.ru/topic/ruben-vardanyan,Другое,2,74
660,"Маша и Медведь. Песенки для малышей",masha-songs-for-kids,7810,https://dzen.ru/topic/masha-songs-for-kids,Другое,2,74
661,"История Армении",istoriya-armenii,7810,https://dzen.ru/topic/istoriya-armenii,История,2,74
662,"Украшения своими руками",ukrasheniya-svoimi-rukami,7794,https://dzen.ru/topic/ukrasheniya-svoimi-rukami,Другое,2,74
663,"Разведение кроликов",razvedenie-krolikov,7794,https://dzen.ru/topic/razvedenie-krolikov,Другое,2,74
664,"Курт Левин",kurt-levin,7794,https://dzen.ru/topic/kurt-levin,Другое,2,74
665,"Земельные участки",zemelnye-uchastki,7779,https://dzen.ru/topic/zemelnye-uchastki,Другое,2,74
666,"Упражнения на ягодицы",uprazhneniya-na-yagodicy,7779,https://dzen.ru/topic/uprazhneniya-na-yagodicy,Другое,2,74
667,"Праздничные рецепты",prazdnichnie-retsepty,7724,https://dzen.ru/topic/prazdnichnie-retsepty,Еда,2,74
668,"Заповедники",zapovedniki,7714,https://dzen.ru/topic/zapovedniki,Другое,2,74
669,"История Дании",istoriya-danii,7714,https://dzen.ru/topic/istoriya-danii,История,2,74
670,"Том Круз",tom-kruz,7602,https://dzen.ru/topic/tom-kruz,Другое,2,74
671,"Наташа Королёва",natasha-korolyova,7571,https://dzen.ru/topic/natasha-korolyova,Другое,2,74
672,"Швейцарская кухня",shvejcarskaya-kukhnya,7571,https://dzen.ru/topic/shvejcarskaya-kukhnya,Другое,2,74
673,"Проектирование и дизайн балкона и лоджии",proektirovanie-i-dizajn-balkona-i-lodzhii,7571,https://dzen.ru/topic/proektirovanie-i-dizajn-balkona-i-lodzhii,Другое,2,74
674,"Кикбоксинг",kikboksing,7571,https://dzen.ru/topic/kikboksing,Другое,2,74
675,"Ноутбуки Lenovo",noutbuki-lenovo,7502,https://dzen.ru/topic/noutbuki-lenovo,Другое,2,74
676,"Математики",matematiki,7502,https://dzen.ru/topic/matematiki,Другое,2,74
677,"Физики",fiziki,7453,https://dzen.ru/topic/fiziki,Другое,2,74
678,"Ноутбуки LG",noutbuki-lg,7453,https://dzen.ru/topic/noutbuki-lg,Другое,2,74
679,"Джонни Депп",dzhonni-depp,7448,https://dzen.ru/topic/dzhonni-depp,Другое,2,74
680,"Выученная беспомощность",vyuchennaya-bespomoshchnost,7402,https://dzen.ru/topic/vyuchennaya-bespomoshchnost,Другое,2,74
681,"Этика",ehtika,7343,https://dzen.ru/topic/ehtika,Другое,2,74
682,"Александр Петров",aleksandr-petrov,7224,https://dzen.ru/topic/aleksandr-petrov,Другое,2,74
683,"Мисо суп",miso-sup,7214,https://dzen.ru/topic/miso-sup,Еда,2,74
684,"Мария Кюри",mariya-kyuri,7214,https://dzen.ru/topic/mariya-kyuri,Другое,2,74
685,"Горбуша в духовке",gorbusha-v-dukhovke,7214,https://dzen.ru/topic/gorbusha-v-dukhovke,Другое,2,74
686,"Треска с овощами",treska-s-ovoshchami,7214,https://dzen.ru/topic/treska-s-ovoshchami,Другое,2,74
687,"Салат из щавеля",salat-iz-shchavelya,7214,https://dzen.ru/topic/salat-iz-shchavelya,Другое,2,74
688,"Кето блины",keto-bliny,7214,https://dzen.ru/topic/keto-bliny,Другое,2,74
689,"Рыба с чесноком",ryba-s-chesnokom,7214,https://dzen.ru/topic/ryba-s-chesnokom,Другое,2,74
690,"Уход за кожей головы",ukhod-za-kozhej-golovy,7143,https://dzen.ru/topic/ukhod-za-kozhej-golovy,Другое,2,74
691,"Млекопитающие",mlekopitayushchie,7143,https://dzen.ru/topic/mlekopitayushchie,Другое,2,74
692,"Театральные режиссёры",teatralnye-rezhissery,7039,https://dzen.ru/topic/teatralnye-rezhissery,Другое,2,74
693,"Американские актрисы",amerikanskie-aktrisy,7039,https://dzen.ru/topic/amerikanskie-aktrisy,Другое,2,74
694,"Блюда в духовке",blyuda-v-dukhovke,7039,https://dzen.ru/topic/blyuda-v-dukhovke,Другое,2,74
695,"Павел Алексеевич Воля",pavel-volya,7021,https://dzen.ru/topic/pavel-volya,Другое,2,74
696,"Ричард Брэнсон",richard-brehnson,7009,https://dzen.ru/topic/richard-brehnson,Другое,2,74
697,"Пещеры",peshchery,7009,https://dzen.ru/topic/peshchery,Другое,2,74
698,"Круизы",kruizy,6937,https://dzen.ru/topic/kruizy,Другое,2,74
699,"Дизайнеры одежды",dizajnery,6848,https://dzen.ru/topic/dizajnery,Другое,2,74
700,"Красная книга",krasnaya-kniga,6837,https://dzen.ru/topic/krasnaya-kniga,Другое,2,74
701,"Сберегательные счета",sberegatelnye-scheta,6789,https://dzen.ru/topic/sberegatelnye-scheta,Другое,2,74
702,"Строительство дополнительных помещений",stroitelstvo-dopolnitelnykh-pomeshchenij,6771,https://dzen.ru/topic/stroitelstvo-dopolnitelnykh-pomeshchenij,Другое,2,74
703,"Джоанн Харрис",dzhoann-kharris,6771,https://dzen.ru/topic/dzhoann-kharris,Другое,2,74
704,"Рецепты по ингредиентам",recepty-po-ingredientam,6771,https://dzen.ru/topic/recepty-po-ingredientam,Еда,2,74
705,"Умные часы HUAWEI",umnye-chasy-huawei,6771,https://dzen.ru/topic/umnye-chasy-huawei,Другое,2,74
706,"Химики",khimiki,6743,https://dzen.ru/topic/khimiki,Другое,2,74
707,"Аспирантура",aspirantura,6743,https://dzen.ru/topic/aspirantura,Другое,2,74
708,"Гандбол",gandbol,6692,https://dzen.ru/topic/gandbol,Другое,2,74
709,"Вулканы",vulkany,6644,https://dzen.ru/topic/vulkany,Другое,2,74
710,"История Сербии",istoriya-serbii,6644,https://dzen.ru/topic/istoriya-serbii,История,2,74
711,"Цепная пила",cepnaya-pila,6588,https://dzen.ru/topic/cepnaya-pila,Другое,2,74
712,"День отца",den-otca,6588,https://dzen.ru/topic/den-otca,Другое,2,74
713,"Артур Конан Дойл",artur-konan-dojl,6588,https://dzen.ru/topic/artur-konan-dojl,Другое,2,74
714,"Фототехника Sony",fototekhnika-sony,6588,https://dzen.ru/topic/fototekhnika-sony,Другое,2,74
715,"Куриные голени в духовке",kurinye-goleni-v-dukhovke,6543,https://dzen.ru/topic/kurinye-goleni-v-dukhovke,Другое,2,74
716,"Археология средневековья",arkheologiya-srednevekovya,6543,https://dzen.ru/topic/arkheologiya-srednevekovya,Другое,2,74
717,"Заповедные территории",zapovednye-territorii,6517,https://dzen.ru/topic/zapovednye-territorii,Другое,2,74
718,"Новогодний стол",novogodnij-stol,6398,https://dzen.ru/topic/novogodnij-stol,Другое,2,74
719,"Конор Макгрегор",konor-makgregor,6370,https://dzen.ru/topic/konor-makgregor,Другое,2,74
720,"Сулейман Керимов",sulejman-kerimov,6357,https://dzen.ru/topic/sulejman-kerimov,Другое,2,74
721,"Фиалка комнатная",fialka-komnatnaya,6179,https://dzen.ru/topic/fialka-komnatnaya,Другое,2,74
722,"Алина Загитова",alina-zagitova,6160,https://dzen.ru/topic/alina-zagitova,Другое,2,74
723,"Шитье кожи",shite-kozhi,6147,https://dzen.ru/topic/shite-kozhi,Другое,2,74
724,"Лидерские и управленческие компетенции",liderskie-i-upravlencheskie-kompetencii,6147,https://dzen.ru/topic/liderskie-i-upravlencheskie-kompetencii,Другое,2,74
725,"Священное писание - Коран",svyashchennoe-pisanie-koran,6139,https://dzen.ru/topic/svyashchennoe-pisanie-koran,Другое,2,74
726,"Обучение математике",obuchenie-matematike,6139,https://dzen.ru/topic/obuchenie-matematike,Другое,2,74
727,"Политические партии",politicheskiye-partii,6083,https://dzen.ru/topic/politicheskiye-partii,Другое,2,74
728,"Операционная система Android",operacionnaya-sistema-android,6057,https://dzen.ru/topic/operacionnaya-sistema-android,Другое,2,74
729,"Эргономика и зонирование кухни",ehrgonomika-i-zonirovanie-kukhni,6025,https://dzen.ru/topic/ehrgonomika-i-zonirovanie-kukhni,Другое,2,74
730,"Штукартурка и выравнивание",shtukarturka-i-vyravnivanie,6009,https://dzen.ru/topic/shtukarturka-i-vyravnivanie,Другое,2,74
731,"Бесплодие",besplodie,6005,https://dzen.ru/topic/besplodie,Другое,2,74
732,"Инженерная доска",inzhenernaya-doska,6000,https://dzen.ru/topic/inzhenernaya-doska,Другое,2,74
733,"Рабочее освещение",rabochee-osveshchenie,5945,https://dzen.ru/topic/rabochee-osveshchenie,Другое,2,74
734,"Амаяк Акопян",amayak-akopyan,5939,https://dzen.ru/topic/amayak-akopyan,Другое,2,74
735,"Анна Ахматова",anna-ahmatova,5936,https://dzen.ru/topic/anna-ahmatova,Другое,2,74
736,"Монтаж дренажных систем",montazh-drenazhnykh-sistem,5930,https://dzen.ru/topic/montazh-drenazhnykh-sistem,Другое,2,74
737,"Фехтование",fekhtovanie,5929,https://dzen.ru/topic/fekhtovanie,Другое,2,74
738,"Пруды и водоёмы",prudy-i-vodoemy,5926,https://dzen.ru/topic/prudy-i-vodoemy,Другое,2,74
739,"Блюда из молочных продуктов",blyuda-iz-molochnykh-produktov,5926,https://dzen.ru/topic/blyuda-iz-molochnykh-produktov,Другое,2,74
740,"Участок для дома",uchastok-dlya-doma,5926,https://dzen.ru/topic/uchastok-dlya-doma,Другое,2,74
741,"Монтаж канализация",montazh-kanalizaciya,5919,https://dzen.ru/topic/montazh-kanalizaciya,Другое,2,74
742,"Установка деревянных дверей",ustanovka-derevyannykh-dverej,5902,https://dzen.ru/topic/ustanovka-derevyannykh-dverej,Другое,2,74
743,"Кулинарные события",kulinarnye-sobytiya,5901,https://dzen.ru/topic/kulinarnye-sobytiya,Еда,2,74
744,"Установка дверей из шпона",ustanovka-dverej-iz-shpona,5900,https://dzen.ru/topic/ustanovka-dverej-iz-shpona,Другое,2,74
745,"Монтаж стропильной системы",montazh-stropilnoj-sistemy,5881,https://dzen.ru/topic/montazh-stropilnoj-sistemy,Другое,2,74
746,"Дома в стиле хайтек",doma-v-stile-khajtek,5853,https://dzen.ru/topic/doma-v-stile-khajtek,Другое,2,74
747,"Компания Promobot",promobot,5844,https://dzen.ru/topic/promobot,Другое,2,74
748,"Двухэтажные дома",dvukhehtazhnye-doma,5840,https://dzen.ru/topic/dvukhehtazhnye-doma,Другое,2,74
749,"Рис с чечевицей",ris-s-chechevicej,5839,https://dzen.ru/topic/ris-s-chechevicej,Другое,2,74
750,"Илья Ильич Мечников",ilya-mechnikov,5839,https://dzen.ru/topic/ilya-mechnikov,Другое,2,74
751,"Стручковая фасоль с чесноком",struchkovaya-fasol-s-chesnokom,5839,https://dzen.ru/topic/struchkovaya-fasol-s-chesnokom,Другое,2,74
752,"Карп с овощами",karp-s-ovoshchami,5839,https://dzen.ru/topic/karp-s-ovoshchami,Другое,2,74
753,"Одноэтажные дома",odnoehtazhnye-doma,5839,https://dzen.ru/topic/odnoehtazhnye-doma,Другое,2,74
754,"Ноутбуки Microsoft",noutbuki-microsoft,5835,https://dzen.ru/topic/noutbuki-microsoft,Другое,2,74
755,"История скульптуры",istoriya-skulptury,5835,https://dzen.ru/topic/istoriya-skulptury,История,2,74
756,"Насекомые",nasekomye,5833,https://dzen.ru/topic/nasekomye,Другое,2,74
757,"История Индии",istoriya-indii,5833,https://dzen.ru/topic/istoriya-indii,История,2,74
758,"Патриарх Кирилл",patriarh-kirill,5824,https://dzen.ru/topic/patriarh-kirill,Другое,2,74
759,"Кирилл Дмитриев",kirill-dmitriev,5781,https://dzen.ru/topic/kirill-dmitriev,Другое,2,74
760,"Уоррен Баффетт",uorren-baffett,5652,https://dzen.ru/topic/uorren-baffett,Другое,2,74
761,"Волшебный фонарь",volshebniy-fonar,5652,https://dzen.ru/topic/volshebniy-fonar,Другое,2,74
762,"Накопительные счета",nakopitelnye-scheta,5623,https://dzen.ru/topic/nakopitelnye-scheta,Другое,2,74
763,"Электрогриль",ehlektrogril,5623,https://dzen.ru/topic/ehlektrogril,Другое,2,74
764,"Садовая тележка",sadovaya-telezhka,5623,https://dzen.ru/topic/sadovaya-telezhka,Дача,2,74
765,"Андрей Губин",andrej-gubin,5586,https://dzen.ru/topic/andrej-gubin,Другое,2,74
766,"Меган Фокс",megan-foks,5572,https://dzen.ru/topic/megan-foks,Другое,2,74
767,"Бихевиоризм",bikheviorizm,5449,https://dzen.ru/topic/bikheviorizm,Другое,2,74
768,"Газонокосилка",gazonokosilka,5449,https://dzen.ru/topic/gazonokosilka,Другое,2,74
769,"Андрей Рэмович Белоусов",andrej-belousov,5418,https://dzen.ru/topic/andrej-belousov,Другое,2,74
770,"Овощи в сметане",ovoshchi-v-smetane,5342,https://dzen.ru/topic/ovoshchi-v-smetane,Другое,2,74
771,"Овощи вареные",ovoshchi-varenye,5342,https://dzen.ru/topic/ovoshchi-varenye,Другое,2,74
772,"Пюре из брокколи",pyure-iz-brokkoli,5342,https://dzen.ru/topic/pyure-iz-brokkoli,Другое,2,74
773,"Настасья Самбурская",nastasya-samburskaya,5243,https://dzen.ru/topic/nastasya-samburskaya,Другое,2,74
774,"Оперные певцы и певицы",opernye-pevcy-i-pevicy,5219,https://dzen.ru/topic/opernye-pevcy-i-pevicy,Другое,2,74
775,"Велоспорт",velosport,5180,https://dzen.ru/topic/velosport,Спорт,2,74
776,"История Буддизма",istoriya-buddizma,5120,https://dzen.ru/topic/istoriya-buddizma,История,2,74
777,"Роман Абрамович",roman-abramovich,5091,https://dzen.ru/topic/roman-abramovich,Другое,2,74
778,"World of Tanks",world-of-tanks,5040,https://dzen.ru/topic/world-of-tanks,Другое,2,74
779,"Греческий салат с сыром",grecheskij-salat-s-syrom,5021,https://dzen.ru/topic/grecheskij-salat-s-syrom,Другое,2,74
780,"Триатлон",triatlon,4984,https://dzen.ru/topic/triatlon,Другое,2,74
781,"Оценка рисков",ocenka-riskov,4952,https://dzen.ru/topic/ocenka-riskov,Другое,2,74
782,"Системы капельного полива",sistemy-kapelnogo-poliva,4952,https://dzen.ru/topic/sistemy-kapelnogo-poliva,Другое,2,74
783,"Космонавты и астронавты",kosmonavty-i-astronavty,4950,https://dzen.ru/topic/kosmonavty-i-astronavty,Другое,2,74
784,"Стелла Маккартни",stella-makkartni,4950,https://dzen.ru/topic/stella-makkartni,Другое,2,74
785,"Ноутбуки Apple",noutbuki-apple,4950,https://dzen.ru/topic/noutbuki-apple,Другое,2,74
786,"Каркасные дома",karkasnye-doma,4837,https://dzen.ru/topic/karkasnye-doma,Другое,2,74
787,"Фахверк",fakhverk,4837,https://dzen.ru/topic/fakhverk,Другое,2,74
788,"Блюда из кисломолочных продуктов",blyuda-iz-kislomolochnykh-produktov,4787,https://dzen.ru/topic/blyuda-iz-kislomolochnykh-produktov,Другое,2,74
789,"Выращивание лекарственных трав",vyrashchivanie-lekarstvennykh-trav,4787,https://dzen.ru/topic/vyrashchivanie-lekarstvennykh-trav,Другое,2,74
790,"Американские актеры",amerikanskie-aktery,4787,https://dzen.ru/topic/amerikanskie-aktery,Другое,2,74
791,"Ноутбуки Samsung",noutbuki-samsung,4787,https://dzen.ru/topic/noutbuki-samsung,Другое,2,74
792,"Ярославская область",yaroslavskaya_oblast,4739,https://dzen.ru/topic/yaroslavskaya_oblast,Другое,2,74
793,"История архитектуры",istoriya-arhitektury,4739,https://dzen.ru/topic/istoriya-arhitektury,История,2,74
794,"Стив Уиткофф",stiv-uitkoff,4712,https://dzen.ru/topic/stiv-uitkoff,Другое,2,74
795,"Уход за комбинированной кожей",ukhod-za-kombinirovannoj-kozhej,4712,https://dzen.ru/topic/ukhod-za-kombinirovannoj-kozhej,Другое,2,74
796,"Сорняки",sornyaki,4712,https://dzen.ru/topic/sornyaki,Другое,2,74
797,"Grand Theft Auto",grand-theft-auto-1998,4711,https://dzen.ru/topic/grand-theft-auto-1998,Другое,2,74
798,"Цветущие кустарники",cvetushchie-kustarniki,4690,https://dzen.ru/topic/cvetushchie-kustarniki,Другое,2,74
799,"Карл Роджерс",karl-rodzhers,4690,https://dzen.ru/topic/karl-rodzhers,Другое,2,74
800,"Строительство бассейна",stroitelstvo-bassejna,4690,https://dzen.ru/topic/stroitelstvo-bassejna,Другое,2,74
801,"Православное паломничество",pravoslavnoe-palomnichestvo,4690,https://dzen.ru/topic/pravoslavnoe-palomnichestvo,Другое,2,74
802,"Безглютеновые рецепты",bezglyutenovye-recepty,4665,https://dzen.ru/topic/bezglyutenovye-recepty,Еда,2,74
803,"Грэпплинг",grehppling,4665,https://dzen.ru/topic/grehppling,Другое,2,74
804,"Дмитрий Нагиев",dmitrij-nagiev,4620,https://dzen.ru/topic/dmitrij-nagiev,Другое,2,74
805,"Николас Кейдж",nikolas-kejdzh,4578,https://dzen.ru/topic/nikolas-kejdzh,Другое,2,74
806,"Танзания",tanzaniya,4564,https://dzen.ru/topic/tanzaniya,Другое,2,74
807,"Арнольд Шварценеггер",arnold-shvarcenegger,4445,https://dzen.ru/topic/arnold-shvarcenegger,Другое,2,74
808,"Муслим Магомаев",muslim-magomaev,4361,https://dzen.ru/topic/muslim-magomaev,Другое,2,74
809,"Уральская кухня",uralskaya-kukhnya,4360,https://dzen.ru/topic/uralskaya-kukhnya,Другое,2,74
810,"Седан",sedan,4360,https://dzen.ru/topic/sedan,Еда,2,74
811,"Яхты",yakhty,4360,https://dzen.ru/topic/yakhty,Другое,2,74
812,"Бокс",boks,4360,https://dzen.ru/topic/boks,Другое,2,74
813,"Весеннее настроение",vesennee-nastroenie,4289,https://dzen.ru/topic/vesennee-nastroenie,Другое,2,74
814,"Бьюти-тренды 2025",beauty-trendy,4256,https://dzen.ru/topic/beauty-trendy,Другое,2,74
815,"Цветы",cvety,4187,https://dzen.ru/topic/cvety,Другое,2,74
816,"Елена Васильевна Малышева",elena-malysheva,4151,https://dzen.ru/topic/elena-malysheva,Другое,2,74
817,"Каньоны",kanony,4125,https://dzen.ru/topic/kanony,Другое,2,74
818,"Рождение ребенка",rozhdenie-rebenka,4125,https://dzen.ru/topic/rozhdenie-rebenka,Другое,2,74
819,"Планирование беременности",planirovanie-beremennosti,4057,https://dzen.ru/topic/planirovanie-beremennosti,Другое,2,74
820,"Стилисты",stilisty,4057,https://dzen.ru/topic/stilisty,Другое,2,74
821,"История Португалии",istoriya-portugalii,4057,https://dzen.ru/topic/istoriya-portugalii,История,2,74
822,"Пляжный волейбол",plyazhnyj-volejbol,4053,https://dzen.ru/topic/plyazhnyj-volejbol,Другое,2,74
823,"Выращивание декоративных кустарников",vyrashchivanie-dekorativnykh-kustarnikov,4036,https://dzen.ru/topic/vyrashchivanie-dekorativnykh-kustarnikov,Другое,2,74
824,"История иудаизма",istoriya-iudaizma,4036,https://dzen.ru/topic/istoriya-iudaizma,История,2,74
825,"Тракторы",traktory,3958,https://dzen.ru/topic/traktory,Другое,2,74
826,"Величайшие ученые-медики",velichajshie-uchenye-mediki,3929,https://dzen.ru/topic/velichajshie-uchenye-mediki,Другое,2,74
827,"Юкио Мисима",yukio-misima,3910,https://dzen.ru/topic/yukio-misima,Другое,2,74
828,"История Норвегии",istoriya-norvegii,3910,https://dzen.ru/topic/istoriya-norvegii,История,2,74
829,"Игорь Викторович Краснов",igor-krasnov,3805,https://dzen.ru/topic/igor-krasnov,Другое,2,74
830,"Операционная система macOS",operacionnaya-sistema-macos,3805,https://dzen.ru/topic/operacionnaya-sistema-macos,Другое,2,74
831,"Васильев день",vasilev-den-14-yanvarya,3746,https://dzen.ru/topic/vasilev-den-14-yanvarya,Другое,2,74
832,"Водное поло",vodnoe-polo,3702,https://dzen.ru/topic/vodnoe-polo,Другое,2,74
833,"Роторная косилка",rotornaya-kosilka,3595,https://dzen.ru/topic/rotornaya-kosilka,Другое,2,74
834,"Enlisted",enlisted,3507,https://dzen.ru/topic/enlisted,Другое,2,74
835,"Юлия Меньшова",yuliya-menshova,3444,https://dzen.ru/topic/yuliya-menshova,Другое,2,74
836,"Кризис семи лет",krizis-semi-let,3435,https://dzen.ru/topic/krizis-semi-let,Другое,2,74
837,"Мотоблок",motoblok,3415,https://dzen.ru/topic/motoblok,Другое,2,74
838,"Системная семейная терапия",sistemnaya-semejnaya-terapiya,3415,https://dzen.ru/topic/sistemnaya-semejnaya-terapiya,Другое,2,74
839,"Хорхе Луис Борхес",khorkhe-luis-borkhes,3391,https://dzen.ru/topic/khorkhe-luis-borkhes,Другое,2,74
840,"Чемпионаты и соревнования по конному спорту",chempionaty-i-sorevnovaniya-po-konnomu-sportu,3391,https://dzen.ru/topic/chempionaty-i-sorevnovaniya-po-konnomu-sportu,Спорт,2,74
841,"Пацанки",pacanki,3248,https://dzen.ru/topic/pacanki,Другое,2,74
842,"Дефляция",deflyaciya,3237,https://dzen.ru/topic/deflyaciya,Другое,2,74
843,"Рыбные места",rybnye-mesta,3237,https://dzen.ru/topic/rybnye-mesta,Другое,2,74
844,"Екатерина Сергеевна Андреева",ekaterina-andreeva,3234,https://dzen.ru/topic/ekaterina-andreeva,Другое,2,74
845,"Бадминтон",badminton,3206,https://dzen.ru/topic/badminton,Другое,2,74
846,"Владимир Маяковский",vladimir-mayakovskij,3136,https://dzen.ru/topic/vladimir-mayakovskij,Другое,2,74
847,"Гипноз",gipnoz,3133,https://dzen.ru/topic/gipnoz,Другое,2,74
848,"Песчаная буря",peschanaya-burya,3133,https://dzen.ru/topic/peschanaya-burya,Другое,2,74
849,"Валентин Юдашкин",valentin-yudashkin,3133,https://dzen.ru/topic/valentin-yudashkin,Другое,2,74
850,"Редкие и исчезающие виды",redkie-i-ischezayushchie-vidy,3133,https://dzen.ru/topic/redkie-i-ischezayushchie-vidy,Другое,2,74
851,"Социальные сети и мессенджеры",socialnye-seti-i-messengery,3094,https://dzen.ru/topic/socialnye-seti-i-messengery,Другое,2,74
852,"История Древнего мира",istoriya-drevnego-mira,3073,https://dzen.ru/topic/istoriya-drevnego-mira,История,2,74
853,"Рэй Далио",rehj-dalio,3041,https://dzen.ru/topic/rehj-dalio,Другое,2,74
854,"Велокросс",velokross,3041,https://dzen.ru/topic/velokross,Другое,2,74
855,"Проливы и заливы",prolivy-i-zalivy,3041,https://dzen.ru/topic/prolivy-i-zalivy,Другое,2,74
856,"Конный спорт",konnyj-sport,3038,https://dzen.ru/topic/konnyj-sport,Спорт,2,74
857,"ERP-системы (Система планирование ресурсов предприятия)",erp-sistemy,2975,https://dzen.ru/topic/erp-sistemy,Другое,2,74
858,"Профессии и специальности",professii-i-specialnosti,2975,https://dzen.ru/topic/professii-i-specialnosti,Другое,2,74
859,"Red Dead Redemption: Game of the Year Edition",red-dead-redemption-game-of-the-year-edition,2975,https://dzen.ru/topic/red-dead-redemption-game-of-the-year-edition,Другое,2,74
860,"Джим Керри",dzhim-kerri,2961,https://dzen.ru/topic/dzhim-kerri,Другое,2,74
861,"Выбор имени ребенку",vybor-imeni-rebenku,2959,https://dzen.ru/topic/vybor-imeni-rebenku,Другое,2,74
862,"СОБЕЗ",sobez,2959,https://dzen.ru/topic/sobez,Другое,2,74
863,"Зарубежные вузы",zarubezhnye-vuzy,2735,https://dzen.ru/topic/zarubezhnye-vuzy,Другое,2,74
864,"Пылесос для сада",pylesos-dlya-sada,2647,https://dzen.ru/topic/pylesos-dlya-sada,Дача,2,74
865,"Вузы",vuzy,2632,https://dzen.ru/topic/vuzy,Другое,2,74
866,"Катерина Ковальчук",katerina-kovalchuk,2632,https://dzen.ru/topic/katerina-kovalchuk,Другое,2,74
867,"Гольф",golf,2590,https://dzen.ru/topic/golf,Другое,2,74
868,"Цветоводство",cvetovodstvo,2583,https://dzen.ru/topic/cvetovodstvo,Другое,2,74
869,"Ландшафтный дизайн и обустройство участка",landshaftnyj-dizajn-i-obustrojstvo-uchastka,2520,https://dzen.ru/topic/landshaftnyj-dizajn-i-obustrojstvo-uchastka,Другое,2,74
870,"Касым-Жомарт Токаев",kasym-zhomart-tokaev,2498,https://dzen.ru/topic/kasym-zhomart-tokaev,Другое,2,74
871,"Магистратура",magistratura,2498,https://dzen.ru/topic/magistratura,Другое,2,74
872,"Радуга",raduga,2461,https://dzen.ru/topic/raduga,Другое,2,74
873,"Книги о животных",knigi-o-zhivotnykh,2461,https://dzen.ru/topic/knigi-o-zhivotnykh,Животные,2,74
874,"Огородные и садовые вредители",ogorodnye-i-sadovye-vrediteli,2457,https://dzen.ru/topic/ogorodnye-i-sadovye-vrediteli,Дача,2,74
875,"Пари Фест",pari-fest,2450,https://dzen.ru/topic/pari-fest,Другое,2,74
876,"Far Cry 5 Gold Edition",far-cry-5-gold-edition,2436,https://dzen.ru/topic/far-cry-5-gold-edition,Другое,2,74
877,"Grand Theft Auto: Vice City",grand-theft-auto-vice-city,2422,https://dzen.ru/topic/grand-theft-auto-vice-city,Другое,2,74
878,"Инвентарь и техника для дачи",inventar-i-tekhnika-dlya-dachi,2422,https://dzen.ru/topic/inventar-i-tekhnika-dlya-dachi,Дача,2,74
879,"Луков день",lukov-den-20-sentyabrya,2383,https://dzen.ru/topic/lukov-den-20-sentyabrya,Другое,2,74
880,"Воздуходувка",vozdukhoduvka,2383,https://dzen.ru/topic/vozdukhoduvka,Другое,2,74
881,"My Summer Car",my-summer-car,2310,https://dzen.ru/topic/my-summer-car,Другое,2,74
882,"Экипировка для фитнеса",ehkipirovka,2275,https://dzen.ru/topic/ehkipirovka,Спорт,2,74
883,"Блюда из рыбы",blyuda-iz-ryby,2272,https://dzen.ru/topic/blyuda-iz-ryby,Другое,2,74
884,"Зоологи",zoologi,2272,https://dzen.ru/topic/zoologi,Другое,2,74
885,"Марина Леонидовна Кравец",marina-kravec,2247,https://dzen.ru/topic/marina-kravec,Другое,2,74
886,"Галереи современного искусства",galerei-sovremennogo-iskusstva,2175,https://dzen.ru/topic/galerei-sovremennogo-iskusstva,Другое,2,74
887,"Керлинг",kerling,2100,https://dzen.ru/topic/kerling,Другое,2,74
888,"Семейные праздники",semeynye_prazdniki,2086,https://dzen.ru/topic/semeynye_prazdniki,Другое,2,74
889,"Острова",ostrova,2085,https://dzen.ru/topic/ostrova,Другое,2,74
890,"Синий трактор",siniy-traktor,2085,https://dzen.ru/topic/siniy-traktor,Другое,2,74
891,"Михаил Лермонтов",mihail-lermontov,2072,https://dzen.ru/topic/mihail-lermontov,Другое,2,74
892,"Кай Метов",kaj-metov,2072,https://dzen.ru/topic/kaj-metov,Другое,2,74
893,"История Азии",istoriya-azii,2049,https://dzen.ru/topic/istoriya-azii,История,2,74
894,"Вареные блюда",varenye-blyuda,2048,https://dzen.ru/topic/varenye-blyuda,Другое,2,74
895,"Сеялка",seyalka,2048,https://dzen.ru/topic/seyalka,Другое,2,74
896,"Афанасий Фет",afanasij-fet,1995,https://dzen.ru/topic/afanasij-fet,Другое,2,74
897,"Cемейный досуг и развлечения",cemejnyj-dosug-i-razvlecheniya,1945,https://dzen.ru/topic/cemejnyj-dosug-i-razvlecheniya,Другое,2,74
898,"Смешанные единоборства (ММА)",mma,1945,https://dzen.ru/topic/mma,Другое,2,74
899,"Николай Гоголь",nikolaj-gogol,1925,https://dzen.ru/topic/nikolaj-gogol,Другое,2,74
900,"Teardown",teardown-2,1911,https://dzen.ru/topic/teardown-2,Другое,2,74
901,"Куда поехать на выходные",kuda-poekhat-na-vykhodnye,1897,https://dzen.ru/topic/kuda-poekhat-na-vykhodnye,Другое,2,74
902,"Культура разных стран мира",kulturnye-raznyh-stran-mira,1889,https://dzen.ru/topic/kulturnye-raznyh-stran-mira,Другое,2,74
903,"Minecraft: Story Mode",minecraft-story-mode-complete,1862,https://dzen.ru/topic/minecraft-story-mode-complete,Другое,2,74
904,"Социология",sociologiya,1834,https://dzen.ru/topic/sociologiya,Другое,2,74
905,"Watch Dogs",watch-dogs,1799,https://dzen.ru/topic/watch-dogs,Другое,2,74
906,"Спортивная экипировка",sportivnaya-ehkipirovka,1736,https://dzen.ru/topic/sportivnaya-ehkipirovka,Спорт,2,74
907,"Виталий Гогунский",vitalij-gogunskij,1736,https://dzen.ru/topic/vitalij-gogunskij,Другое,2,74
908,"Быстрые рецепты в микроволновке",bystrye-recepty-v-mikrovolnovke,1729,https://dzen.ru/topic/bystrye-recepty-v-mikrovolnovke,Еда,2,74
909,"Дина Саева (Исроилова Мадина Ихромидиновна)",dina-saeva,1680,https://dzen.ru/topic/dina-saeva,Другое,2,74
910,"Вычеты",vychety,1659,https://dzen.ru/topic/vychety,Другое,2,74
911,"System Shock (Remake)",system-shock,1561,https://dzen.ru/topic/system-shock,Другое,2,74
912,"Иван Тургенев",ivan-sergeevich-turgenev,1498,https://dzen.ru/topic/ivan-sergeevich-turgenev,Другое,2,74
913,"Куда поехать весной",kuda_poekhat_vesnoy,1491,https://dzen.ru/topic/kuda_poekhat_vesnoy,Другое,2,74
914,"Plants vs. Zombies Garden Warfare 2",plants-vs-zombies-garden-warfare-2,1491,https://dzen.ru/topic/plants-vs-zombies-garden-warfare-2,Другое,2,74
915,"Михаил Шолохов",mihail-sholohov,1477,https://dzen.ru/topic/mihail-sholohov,Другое,2,74
916,"Владимир Ленин",vladimir-lenin,1470,https://dzen.ru/topic/vladimir-lenin,Другое,2,74
917,"Гарик Сукачёв",garik-sukachyov,1463,https://dzen.ru/topic/garik-sukachyov,Другое,2,74
918,"House Flipper",house-flipper,1463,https://dzen.ru/topic/house-flipper,Другое,2,74
919,"Коллекционирование",kollekcionirovanie,1449,https://dzen.ru/topic/kollekcionirovanie,Другое,2,74
920,"Уход за домом",ukhod-za-domom,1449,https://dzen.ru/topic/ukhod-za-domom,Другое,2,74
921,"Farming Simulator 19",farming-simulator-19,1428,https://dzen.ru/topic/farming-simulator-19,Другое,2,74
922,"Футбольные команды",futbolnye-komandy,1426,https://dzen.ru/topic/futbolnye-komandy,Другое,2,74
923,"Команды Формулы 1",komandy-formuly-1,1426,https://dzen.ru/topic/komandy-formuly-1,Другое,2,74
924,"Козы",kozy,1358,https://dzen.ru/topic/kozy,Другое,2,74
925,"Дорожная спецтехника",dorozhnaya-spectekhnika,1344,https://dzen.ru/topic/dorozhnaya-spectekhnika,Другое,2,74
926,"Клинт Иствуд",klint-istvud,1316,https://dzen.ru/topic/klint-istvud,Другое,2,74
927,"XCOM 2",xcom-2,1288,https://dzen.ru/topic/xcom-2,Другое,2,74
928,"Хищные растения",khishchnye-rasteniya,1263,https://dzen.ru/topic/khishchnye-rasteniya,Другое,2,74
929,"Пауэрлифтинг",pauehrlifting,1263,https://dzen.ru/topic/pauehrlifting,Другое,2,74
930,"Акробатика",akrobatika,1263,https://dzen.ru/topic/akrobatika,Другое,2,74
931,"Цифровой рубль",tsifrovoi-rubl,1256,https://dzen.ru/topic/tsifrovoi-rubl,Другое,2,74
932,"Михаил Кутузов",mihail-kutuzov,1246,https://dzen.ru/topic/mihail-kutuzov,Другое,2,74
933,"Ship Graveyard Simulator",ship-graveyard-simulator,1232,https://dzen.ru/topic/ship-graveyard-simulator,Другое,2,74
934,"Куско",kusko,1225,https://dzen.ru/topic/kusko,Другое,2,74
935,"Колледжи и техникумы",kolledzhi-i-tekhnikumy,1211,https://dzen.ru/topic/kolledzhi-i-tekhnikumy,Другое,2,74
936,"Жанна Иосифовна (Осиповна) Бадоева",zhanna-badoeva,1211,https://dzen.ru/topic/zhanna-badoeva,Другое,2,74
937,"Star Wars: Battlefront",star-wars-battlefront-3,1190,https://dzen.ru/topic/star-wars-battlefront-3,Другое,2,74
938,"Резиденции",rezidentsii,1183,https://dzen.ru/topic/rezidentsii,Другое,2,74
939,"Геологи",geologi,1183,https://dzen.ru/topic/geologi,Другое,2,74
940,"Федор Достоевский",fyodor-dostoevskij,1148,https://dzen.ru/topic/fyodor-dostoevskij,Другое,2,74
941,"Хайкинг",khajking,1134,https://dzen.ru/topic/khajking,Другое,2,74
942,"Рецепты по способу приготовления",recepty-po-sposobu-prigotovleniya,1123,https://dzen.ru/topic/recepty-po-sposobu-prigotovleniya,Еда,2,74
943,"Столярное дело",stolyarnoe-delo,1123,https://dzen.ru/topic/stolyarnoe-delo,Другое,2,74
944,"Кризис трёх лет",krizis-tryokh-let,1123,https://dzen.ru/topic/krizis-tryokh-let,Другое,2,74
945,"Леонид Брежнев",brezhnev-leonid,1120,https://dzen.ru/topic/brezhnev-leonid,Другое,2,74
946,"Lego City Undercover",lego-city-undercover,1120,https://dzen.ru/topic/lego-city-undercover,Другое,2,74
947,"Бобслей, сани, скелетон",bobslej-sani-skeleton,1099,https://dzen.ru/topic/bobslej-sani-skeleton,Другое,2,74
948,"Зоология",zoologiya,1071,https://dzen.ru/topic/zoologiya,Другое,2,74
949,"Gas Station Simulator",gas-station-simulator,1064,https://dzen.ru/topic/gas-station-simulator,Другое,2,74
950,"Эдуард Успенский",eduard-uspenskij,1064,https://dzen.ru/topic/eduard-uspenskij,Другое,2,74
951,"Crime Boss: Rockay City",crime-boss-rockay-city,1057,https://dzen.ru/topic/crime-boss-rockay-city,Другое,2,74
952,"Владимир Епифанцев",vladimir-epifancev,1050,https://dzen.ru/topic/vladimir-epifancev,Другое,2,74
953,"American Truck Simulator",american-truck-simulator,1022,https://dzen.ru/topic/american-truck-simulator,Другое,2,74
954,"This is the Police",this-is-the-police,1022,https://dzen.ru/topic/this-is-the-police,Другое,2,74
955,"Фильм ""Одна""",film-odna,9952,https://dzen.ru/topic/film-odna,Развлечения,1,72
956,"Фильм ""Стекло""",film-steklo,9932,https://dzen.ru/topic/film-steklo,Развлечения,1,72
957,"Фильм ""Иллюзия обмана""",film-illyuziya-obmana,9922,https://dzen.ru/topic/film-illyuziya-obmana,Развлечения,1,72
958,"Фильм ""Кто я?""",film-kto-ya,9872,https://dzen.ru/topic/film-kto-ya,Развлечения,1,72
959,"Фильм ""Маяк""",film-mayak,9842,https://dzen.ru/topic/film-mayak,Развлечения,1,72
960,"Фильм ""Бойцовский клуб""",film-bojcovskij-klub,9822,https://dzen.ru/topic/film-bojcovskij-klub,Развлечения,1,72
961,"Фильм ""Ловушка""",film-lovushka,9742,https://dzen.ru/topic/film-lovushka,Развлечения,1,72
962,"Фильм ""Люди Икс""",film-lyudi-iks,9692,https://dzen.ru/topic/film-lyudi-iks,Развлечения,1,72
963,"Фильм ""Время""",film-vremya,9632,https://dzen.ru/topic/film-vremya,Развлечения,1,72
964,"Фильм ""Человек-паук 2""",film-chelovek-pauk-2,9412,https://dzen.ru/topic/film-chelovek-pauk-2,Развлечения,1,72
965,"Фильм ""Сыщик""",film-syshchik,9392,https://dzen.ru/topic/film-syshchik,Развлечения,1,72
966,"Фильм ""Взрослые дети""",film-vzroslye-deti,9382,https://dzen.ru/topic/film-vzroslye-deti,Развлечения,1,72
967,"Фильм ""Единственная""",film-edinstvennaya,8692,https://dzen.ru/topic/film-edinstvennaya,Развлечения,1,72
968,"Фильм ""Карантин""",film-karantin,8472,https://dzen.ru/topic/film-karantin,Развлечения,1,72
969,"Фильм ""Скорая""",film-skoraya,8352,https://dzen.ru/topic/film-skoraya,Развлечения,1,72
970,"Фильм ""Кин-дза-дза!""",film-kin-dza-dza,8352,https://dzen.ru/topic/film-kin-dza-dza,Развлечения,1,72
971,"Фильм ""Женитьба бальзаминова""",film-zhenitba-balzaminova,8302,https://dzen.ru/topic/film-zhenitba-balzaminova,Развлечения,1,72
972,"Фильм ""Аты-баты шли солдаты""",film-aty-baty-shli-soldaty,8262,https://dzen.ru/topic/film-aty-baty-shli-soldaty,Развлечения,1,72
973,"Фильм ""Аннигиляция""",film-annigilyaciya,8242,https://dzen.ru/topic/film-annigilyaciya,Развлечения,1,72
974,"Фильм ""Расплата"" 1999",film-rasplata-1999,8222,https://dzen.ru/topic/film-rasplata-1999,Развлечения,1,72
975,"Фильм ""Дура""",film-dura,8202,https://dzen.ru/topic/film-dura,Развлечения,1,72
976,"Фильм ""Фонтан""",film-fontan,8092,https://dzen.ru/topic/film-fontan,Развлечения,1,72
977,"Фильм ""Сталкер""",film-stalker,8062,https://dzen.ru/topic/film-stalker,Развлечения,1,72
978,"Феликс Дзержинский",feliks-dzerzhinskij,980,https://dzen.ru/topic/feliks-dzerzhinskij,Другое,2,64
979,"Захар Прилепин",zakhar-prilepin,966,https://dzen.ru/topic/zakhar-prilepin,Другое,2,64
980,"Лаврентий Берия",lavrentij-beriya,945,https://dzen.ru/topic/lavrentij-beriya,Другое,2,64
981,"Кабриолет",kabriolet,943,https://dzen.ru/topic/kabriolet,Другое,2,64
982,"Trader Life Simulator",trader-life-simulator,931,https://dzen.ru/topic/trader-life-simulator,Другое,2,64
983,"Car Mechanic Simulator",car-mechanic-simulator,917,https://dzen.ru/topic/car-mechanic-simulator,Другое,2,64
984,"Mount & Blade. История героя",mount-blade,854,https://dzen.ru/topic/mount-blade,История,2,64
985,"Джон Кеннеди",dzhon-kennedi,840,https://dzen.ru/topic/dzhon-kennedi,Другое,2,64
986,"Волков Никита",volkov-nikita,791,https://dzen.ru/topic/volkov-nikita,Другое,2,64
987,"Александр Куприн",aleksandr-kuprin,784,https://dzen.ru/topic/aleksandr-kuprin,Другое,2,64
988,"CASE: Animatronics",case-animatronics,770,https://dzen.ru/topic/case-animatronics,Другое,2,64
989,"Far Cry Primal",far-cry-primal,763,https://dzen.ru/topic/far-cry-primal,Другое,2,64
990,"Batman: Arkham Asylum",batman-arkham-asylum,763,https://dzen.ru/topic/batman-arkham-asylum,Другое,2,64
991,"Beholder",beholder,756,https://dzen.ru/topic/beholder,Другое,2,64
992,"My Garage",my-garage,742,https://dzen.ru/topic/my-garage,Другое,2,64
993,"Internet Cafe Simulator",internet-cafe-simulator,735,https://dzen.ru/topic/internet-cafe-simulator,Другое,2,64
994,"Индуизм",induizm,707,https://dzen.ru/topic/induizm,Другое,2,64
995,"Достопримечательности Геленджика",dostoprimechatelnosti-gelendzhika,707,https://dzen.ru/topic/dostoprimechatelnosti-gelendzhika,Другое,2,64
996,"Test Drive Unlimited",test-drive-unlimited,693,https://dzen.ru/topic/test-drive-unlimited,Другое,2,64
997,"Thief",thief,693,https://dzen.ru/topic/thief,Другое,2,64
998,"Timberborn",timberborn,672,https://dzen.ru/topic/timberborn,Другое,2,64
999,"Mortal Online",mortal-online,665,https://dzen.ru/topic/mortal-online,Другое,2,64
1000,"Никита Хрущев",nikita-khrushchev,658,https://dzen.ru/topic/nikita-khrushchev,Другое,2,64
1001,"Строительство дома и дачи",stroitelstvo-doma-i-dachi,658,https://dzen.ru/topic/stroitelstvo-doma-i-dachi,Дача,2,64
1002,"Рабат",rabat,658,https://dzen.ru/topic/rabat,Другое,2,64
1003,"Приложения для фитнеса",prilozheniya-dlya-fitnesa,658,https://dzen.ru/topic/prilozheniya-dlya-fitnesa,Спорт,2,64
1004,"Дзен в Дзене",dzen-v-dzene,596,https://dzen.ru/topic/dzen-v-dzene,Другое,2,64
1005,"Крикет",kriket,581,https://dzen.ru/topic/kriket,Другое,2,64
1006,"Анна Уколова",anna-ukolova,469,https://dzen.ru/topic/anna-ukolova,Другое,2,64
1007,"Форум «Государство для людей»",forum-gosudarstvo-dlya-lyudey,458,https://dzen.ru/topic/forum-gosudarstvo-dlya-lyudey,Другое,2,64
1008,"Suicide Guy",suicide-guy,455,https://dzen.ru/topic/suicide-guy,Другое,2,64
1009,"Рынок труда",rynok-truda,448,https://dzen.ru/topic/rynok-truda,Другое,2,64
1010,"Punch Club",punch-club,434,https://dzen.ru/topic/punch-club,Другое,2,64
1011,"DISTRAINT",distraint,427,https://dzen.ru/topic/distraint,Другое,2,64
1012,"Evil Nun: The Broken Mask",evil-nun-the-broken-mask,420,https://dzen.ru/topic/evil-nun-the-broken-mask,Другое,2,64
1013,"Уинстон Черчилль",uinston-cherchill,406,https://dzen.ru/topic/uinston-cherchill,Другое,2,64
1014,"Нови-Сад",novi-sad,399,https://dzen.ru/topic/novi-sad,Дача,2,64
1015,"Мао Цзэдун",mao-czehdun,385,https://dzen.ru/topic/mao-czehdun,Другое,2,64
1016,"VR-очки",vr-ochki,378,https://dzen.ru/topic/vr-ochki,Другое,2,64
1017,"Брисбен",brisben,371,https://dzen.ru/topic/brisben,Другое,2,64
1018,"Sherlock Holmes: Chapter One",sherlock-holmes-chapter-one,357,https://dzen.ru/topic/sherlock-holmes-chapter-one,Другое,2,64
1019,"Кожевничество",kozhevnichestvo,315,https://dzen.ru/topic/kozhevnichestvo,Другое,2,64
1020,"Достопримечательности Красноярска",dostoprimechatelnosti-krasnoyarska,308,https://dzen.ru/topic/dostoprimechatelnosti-krasnoyarska,Другое,2,64
1021,"Killzone",killzone,301,https://dzen.ru/topic/killzone,Другое,2,64
1022,"Stellaris",stellaris,287,https://dzen.ru/topic/stellaris,Другое,2,64
1023,"Аналитика данных",analitika-dannykh,273,https://dzen.ru/topic/analitika-dannykh,Другое,2,64
1024,"Джозеф Гордон Левитт",dzhozef-gordon-levitt,266,https://dzen.ru/topic/dzhozef-gordon-levitt,Другое,2,64
1025,"Саддам Хусейн",saddam-husejn,252,https://dzen.ru/topic/saddam-husejn,Дача,2,64
1026,"История религии",istoriya-religii,231,https://dzen.ru/topic/istoriya-religii,История,2,64
1027,"Farmer's Life",farmers-life-2,224,https://dzen.ru/topic/farmers-life-2,Другое,2,64
1028,"Спелеология",speleologiya,196,https://dzen.ru/topic/speleologiya,Другое,2,64
1029,"Коктейль Текила Санрайз",koktejl-tekila-sanrajz,175,https://dzen.ru/topic/koktejl-tekila-sanrajz,Другое,2,64
1030,"Азиатский лев",lev,154,https://dzen.ru/topic/lev,Другое,2,64
1031,"Фильм ""Чародеи""",film-charodei,7842,https://dzen.ru/topic/film-charodei,Развлечения,1,56
1032,"Фильм ""Берегись автомобиля""",film-beregis-avtomobilya,7792,https://dzen.ru/topic/film-beregis-avtomobilya,Развлечения,1,56
1033,"Фильм ""Наследник""",film-naslednik,7502,https://dzen.ru/topic/film-naslednik,Развлечения,1,56
1034,"Фильм ""Мандарин""",film-mandarin,7242,https://dzen.ru/topic/film-mandarin,Развлечения,1,56
1035,"Фильм ""Земля санникова""",film-zemlya-sannikova,7242,https://dzen.ru/topic/film-zemlya-sannikova,Развлечения,1,56
1036,"Фильм ""Одиссея""",film-odisseya,7222,https://dzen.ru/topic/film-odisseya,Развлечения,1,56
1037,"Фильм ""Я – Сэм""",film-ya-sehm,7132,https://dzen.ru/topic/film-ya-sehm,Развлечения,1,56
1038,"Фильм ""Солдат""",film-soldat,7062,https://dzen.ru/topic/film-soldat,Развлечения,1,56
1039,"Фильм ""Персона""",film-persona,6982,https://dzen.ru/topic/film-persona,Развлечения,1,56
1040,"Фильм ""Звезда родилась""",film-zvezda-rodilas,6932,https://dzen.ru/topic/film-zvezda-rodilas,Развлечения,1,56
1041,"Фильм ""Джон Уик""",film-dzhon-uik,6682,https://dzen.ru/topic/film-dzhon-uik,Развлечения,1,56
1042,"Фильм ""Дела семейные""",film-dela-semejnye,6612,https://dzen.ru/topic/film-dela-semejnye,Развлечения,1,56
1043,"Фильм ""На грани""",film-na-grani,6612,https://dzen.ru/topic/film-na-grani,Развлечения,1,56
1044,"Фильм ""Бруклин""",film-bruklin,6382,https://dzen.ru/topic/film-bruklin,Развлечения,1,56
1045,"Фильм ""Глаза""",film-glaza,6292,https://dzen.ru/topic/film-glaza,Развлечения,1,56
1046,"Фильм ""Отец""",film-otec,6292,https://dzen.ru/topic/film-otec,Развлечения,1,56
1047,"Фильм ""Форсаж""",film-forsazh,6222,https://dzen.ru/topic/film-forsazh,Развлечения,1,56
1048,"Фильм ""Убийца""",film-ubijca,6132,https://dzen.ru/topic/film-ubijca,Развлечения,1,56
1049,"Фильм ""Александр""",film-aleksandr,6052,https://dzen.ru/topic/film-aleksandr,Развлечения,1,56
1050,"Фильм ""Классик""",film-klassik,5952,https://dzen.ru/topic/film-klassik,Развлечения,1,56
1051,"Фильм ""Переводчик""",film-perevodchik,5852,https://dzen.ru/topic/film-perevodchik,Развлечения,1,56
1052,"Спортивные игры",igry-v-zhanre-sport,5737,https://dzen.ru/topic/igry-v-zhanre-sport,Развлечения,1,56
1053,"Фильм ""Власть""",film-vlast,5652,https://dzen.ru/topic/film-vlast,Развлечения,1,56
1054,"Фильм ""Основатель""",film-osnovatel,5552,https://dzen.ru/topic/film-osnovatel,Развлечения,1,56
1055,"Фильм ""Настоящая любовь""",film-nastoyashchaya-lyubov,5552,https://dzen.ru/topic/film-nastoyashchaya-lyubov,Развлечения,1,56
1056,"Семейные игры",semejnye-igry,4187,https://dzen.ru/topic/semejnye-igry,Развлечения,1,56
1057,"Гороскоп на неделю",horoscope-na-nedelyu,3878,https://dzen.ru/topic/horoscope-na-nedelyu,Эзотерика,1,56
1058,"Гороскоп на месяц",horoscope-na-mesyac,3542,https://dzen.ru/topic/horoscope-na-mesyac,Эзотерика,1,56
1059,"Гороскоп на сегодня — Лев",horoscope-lev,1988,https://dzen.ru/topic/horoscope-lev,Эзотерика,1,56
1060,"Гороскоп на сегодня — Рыбы",horoscope-ryby,1708,https://dzen.ru/topic/horoscope-ryby,Эзотерика,1,56
1061,"Гороскоп на сегодня — Овен",horoscope-oven,1617,https://dzen.ru/topic/horoscope-oven,Эзотерика,1,56
1062,"Гороскоп на сегодня — Дева",horoscope-deva,1498,https://dzen.ru/topic/horoscope-deva,Эзотерика,1,56
1063,"Гороскоп на сегодня — Телец",horoscope-telec,1435,https://dzen.ru/topic/horoscope-telec,Эзотерика,1,56
1064,"Гороскоп на неделю — Весы",horoscope-vesy-na-nedelyu,1414,https://dzen.ru/topic/horoscope-vesy-na-nedelyu,Эзотерика,1,56
1065,"Гороскоп на неделю — Рак",horoscope-rak-na-nedelyu,1386,https://dzen.ru/topic/horoscope-rak-na-nedelyu,Эзотерика,1,56
1066,"Гороскоп на завтра — Лев",horoscope-lev-na-zavtra,1358,https://dzen.ru/topic/horoscope-lev-na-zavtra,Эзотерика,1,56
1067,"Гороскоп на сегодня — Водолей",horoscope-vodoley,1246,https://dzen.ru/topic/horoscope-vodoley,Эзотерика,1,56
1068,"Гороскоп на сегодня — Козерог",horoscope-kozerog,1218,https://dzen.ru/topic/horoscope-kozerog,Эзотерика,1,56
1069,"Гороскоп на месяц — Весы",horoscope-vesy-na-mesyac,1204,https://dzen.ru/topic/horoscope-vesy-na-mesyac,Эзотерика,1,56
1070,"Гороскоп на завтра — Рак",horoscope-rak-na-zavtra,1190,https://dzen.ru/topic/horoscope-rak-na-zavtra,Эзотерика,1,56
1071,"Гороскоп на завтра — Близнецы",horoscope-bliznec-na-zavtra,1169,https://dzen.ru/topic/horoscope-bliznec-na-zavtra,Эзотерика,1,56
1072,"Гороскоп на завтра — Овен",horoscope-oven-na-zavtra,1155,https://dzen.ru/topic/horoscope-oven-na-zavtra,Эзотерика,1,56
1073,"Гороскоп на завтра — Скорпион",horoscope-skorpion-na-zavtra,1155,https://dzen.ru/topic/horoscope-skorpion-na-zavtra,Эзотерика,1,56
1074,"Гороскоп на неделю — Лев",horoscope-lev-na-nedelyu,1078,https://dzen.ru/topic/horoscope-lev-na-nedelyu,Эзотерика,1,56
1075,"Гороскоп на завтра — Дева",horoscope-deva-na-zavtra,1071,https://dzen.ru/topic/horoscope-deva-na-zavtra,Эзотерика,1,56
1076,"Гороскоп на месяц — Рак",horoscope-rak-na-mesyac,1050,https://dzen.ru/topic/horoscope-rak-na-mesyac,Эзотерика,1,56
1077,"Гороскоп на неделю — Овен",horoscope-oven-na-nedelyu,1036,https://dzen.ru/topic/horoscope-oven-na-nedelyu,Эзотерика,1,56
1078,"Гороскоп на месяц — Лев",horoscope-lev-na-mesyac,1029,https://dzen.ru/topic/horoscope-lev-na-mesyac,Эзотерика,1,56
1079,"Гороскоп на неделю — Скорпион",horoscope-skorpion-na-nedelyu,1015,https://dzen.ru/topic/horoscope-skorpion-na-nedelyu,Эзотерика,1,56
1080,"Гороскоп на год — Лев",horoscope-lev-na-god,1001,https://dzen.ru/topic/horoscope-lev-na-god,Эзотерика,1,56
1081,"Гороскоп на год — Рыбы",horoscope-ryby-na-god,994,https://dzen.ru/topic/horoscope-ryby-na-god,Эзотерика,1,46
1082,"Гороскоп на неделю — Близнецы",horoscope-bliznec-na-nedelyu,987,https://dzen.ru/topic/horoscope-bliznec-na-nedelyu,Эзотерика,1,46
1083,"Гороскоп на неделю — Дева",horoscope-deva-na-nedelyu,980,https://dzen.ru/topic/horoscope-deva-na-nedelyu,Эзотерика,1,46
1084,"Гороскоп на месяц — Близнецы",horoscope-bliznec-na-mesyac,973,https://dzen.ru/topic/horoscope-bliznec-na-mesyac,Эзотерика,1,46
1085,"Гороскоп на год — Телец",horoscope-telec-na-god,973,https://dzen.ru/topic/horoscope-telec-na-god,Эзотерика,1,46
1086,"Гороскоп на месяц — Скорпион",horoscope-skorpion-na-mesyac,938,https://dzen.ru/topic/horoscope-skorpion-na-mesyac,Эзотерика,1,46
1087,"Гороскоп на месяц — Овен",horoscope-oven-na-mesyac,924,https://dzen.ru/topic/horoscope-oven-na-mesyac,Эзотерика,1,46
1088,"Гороскоп на месяц — Дева",horoscope-deva-na-mesyac,917,https://dzen.ru/topic/horoscope-deva-na-mesyac,Эзотерика,1,46
1089,"Гороскоп на завтра — Водолей",horoscope-vodoley-na-zavtra,903,https://dzen.ru/topic/horoscope-vodoley-na-zavtra,Эзотерика,1,46
1090,"Гороскоп на завтра — Стрелец",horoscope-strelec-na-zavtra,889,https://dzen.ru/topic/horoscope-strelec-na-zavtra,Эзотерика,1,46
1091,"Гороскоп на год — Скорпион",horoscope-skorpion-na-god,875,https://dzen.ru/topic/horoscope-skorpion-na-god,Эзотерика,1,46
1092,"Гороскоп на месяц — Стрелец",horoscope-strelec-na-mesyac,798,https://dzen.ru/topic/horoscope-strelec-na-mesyac,Эзотерика,1,46
1093,"Гороскоп на год — Водолей",horoscope-vodoley-na-god,770,https://dzen.ru/topic/horoscope-vodoley-na-god,Эзотерика,1,46
1094,"Гороскоп на месяц — Козерог",horoscope-kozerog-na-mesyac,756,https://dzen.ru/topic/horoscope-kozerog-na-mesyac,Эзотерика,1,46
1095,"Гороскоп на неделю — Стрелец",horoscope-strelec-na-nedelyu,728,https://dzen.ru/topic/horoscope-strelec-na-nedelyu,Эзотерика,1,46
1096,"Гороскоп на год — Стрелец",horoscope-strelec-na-god,728,https://dzen.ru/topic/horoscope-strelec-na-god,Эзотерика,1,46
